Gene_ID	Chrom	Pos	REF	ALT	Effect_type	Description
Glyma.18G056600	18	4952766	G	C	five_prime_UTR	
Glyma.18G056600	18	4952772	T	C	five_prime_UTR	
Glyma.18G056600	18	4952775	T	C	five_prime_UTR	
Glyma.18G056600	18	4952777	C	G	five_prime_UTR	
Glyma.18G056600	18	4952780	G	T	five_prime_UTR	
Glyma.18G056600	18	4952786	C	T	five_prime_UTR	
Glyma.18G056600	18	4952840	T	C	five_prime_UTR	
Glyma.18G056600	18	4952843	T	A	five_prime_UTR	
Glyma.18G056600	18	4952854	A	G	five_prime_UTR	
Glyma.18G056600	18	4952863	T	C	five_prime_UTR	
Glyma.18G056600	18	4952874	A	T	five_prime_UTR	
Glyma.18G056600	18	4952886	T	C	five_prime_UTR	
Glyma.18G056600	18	4952892	G	C	five_prime_UTR	
Glyma.18G056600	18	4952916	T	C	five_prime_UTR	
Glyma.18G056600	18	4955815	T	A	three_prime_UTR	
Glyma.18G056600	18	4955820	A	T	three_prime_UTR	
Glyma.18G056600	18	4955827	G	T	three_prime_UTR	
Glyma.18G056600	18	4955836	G	A	three_prime_UTR	
Glyma.18G056600	18	4955849	G	A	three_prime_UTR	
Glyma.18G056600	18	4955854	G	T	three_prime_UTR	
Glyma.18G056600	18	4955890	C	A	three_prime_UTR	
Glyma.18G056600	18	4955892	G	A	three_prime_UTR	
Glyma.18G056600	18	4955926	A	T	three_prime_UTR	
Glyma.18G056600	18	4955931	C	T	three_prime_UTR	
Glyma.18G056600	18	4955964	A	G	three_prime_UTR	
Glyma.18G056600	18	4955983	T	A	three_prime_UTR	
Glyma.18G056600	18	4956015	T	C	three_prime_UTR	
Glyma.18G056600	18	4956033	A	T	three_prime_UTR	
Glyma.18G056600	18	4956037	G	A	three_prime_UTR	
Glyma.18G056600	18	4956050	A	C	three_prime_UTR	
Glyma.18G056600	18	4956057	T	A	three_prime_UTR	
Glyma.18G056600	18	4956059	A	T	three_prime_UTR	
Glyma.18G056600	18	4956062	A	T	three_prime_UTR	
Glyma.18G056600	18	4956066	A	G	three_prime_UTR	
Glyma.18G056600	18	4956070	T	G	three_prime_UTR	
Glyma.18G056600	18	4956074	G	C	three_prime_UTR	
Glyma.18G056600	18	4956132	G	A	three_prime_UTR	
Glyma.18G056600	18	4956157	C	A	three_prime_UTR	
Glyma.18G056600	18	4956159	T	G	three_prime_UTR	
Glyma.18G056600	18	4956182	T	A	three_prime_UTR	
Glyma.18G056600	18	4956188	C	T	three_prime_UTR	
Glyma.18G056600	18	4956193	T	G	three_prime_UTR	
Glyma.18G056600	18	4956215	G	A	three_prime_UTR	
Glyma.18G056600	18	4956255	T	C	three_prime_UTR	
Glyma.18G056600	18	4956279	A	T	three_prime_UTR	
Glyma.18G056600	18	4956281	G	A	three_prime_UTR	
Glyma.18G056600	18	4956290	G	A	three_prime_UTR	
Glyma.18G056600	18	4956331	T	A	three_prime_UTR	
