{"title":"Andorra","version":"1.1.2","type":"FeatureCollection","copyright":"Copyright (c) 2015 Highsoft AS, Based on data from Natural Earth","copyrightShort":"Natural Earth","copyrightUrl":"http://www.naturalearthdata.com","crs":{"type":"name","properties":{"name":"urn:ogc:def:crs:EPSG:32631"}},"hc-transform":{"default":{"crs":"+proj=utm +zone=31 +datum=WGS84 +units=m +no_defs","scale":0.0237208445304,"jsonres":15.5,"jsonmarginX":-999,"jsonmarginY":9851.0,"xoffset":369124.218999,"yoffset":4722907.02137}},
"features":[{"type":"Feature","id":"AD.3689","properties":{"hc-group":"admin1","hc-middle-x":0.32,"hc-middle-y":0.55,"hc-key":"ad-3689","hc-a2":"AL","labelrank":"20","hasc":"AD.AN","alt-name":null,"woe-id":"20070553","subregion":null,"fips":"AN07","postal-code":null,"name":"Andorra la Vella","country":"Andorra","type-en":null,"region":null,"longitude":"1.51066","woe-name":"Andorra la Vella","latitude":"42.5128","woe-label":"Andorra la Vella, AD, Andorra","type":null},"geometry":{"type":"Polygon","coordinates":[[[1431,4519],[1907,4784],[2362,5079],[2790,5163],[3152,5309],[3534,5302],[3326,4972],[2983,4643],[2822,4434],[2637,4103],[2382,3682],[2019,3476],[1769,3328],[1593,3514],[1487,3910],[1469,4154],[1431,4519]]]}},{"type":"Feature","id":"AD.6404","properties":{"hc-group":"admin1","hc-middle-x":0.39,"hc-middle-y":0.50,"hc-key":"ad-6404","hc-a2":"LM","labelrank":"20","hasc":"AD.MA","alt-name":null,"woe-id":"20070555","subregion":null,"fips":"AN04","postal-code":null,"name":"La Massana","country":"Andorra","type-en":null,"region":null,"longitude":"1.47083","woe-name":"Massana","latitude":"42.55","woe-label":"Massana, AD, Andorra","type":null},"geometry":{"type":"Polygon","coordinates":[[[3534,5302],[3152,5309],[2790,5163],[2362,5079],[1907,4784],[1431,4519],[1002,4405],[594,4200],[296,3969],[205,4617],[-317,5099],[-999,5021],[-890,5483],[-375,6339],[-369,6496],[-619,6672],[-574,7056],[-398,7465],[-259,7709],[413,7969],[658,7752],[995,7746],[1308,7680],[1461,7464],[1631,6945],[1896,6667],[2320,6538],[2834,6408],[3237,6340],[3528,6304],[3543,5879],[3534,5302]]]}},{"type":"Feature","id":"AD.6405","properties":{"hc-group":"admin1","hc-middle-x":0.52,"hc-middle-y":0.46,"hc-key":"ad-6405","hc-a2":"OR","labelrank":"20","hasc":"AD.OR","alt-name":null,"woe-id":"20070556","subregion":null,"fips":"AN05","postal-code":null,"name":"Ordino","country":"Andorra","type-en":null,"region":null,"longitude":"1.52437","woe-name":"Ordino","latitude":"42.6036","woe-label":"Ordino, AD, Andorra","type":null},"geometry":{"type":"Polygon","coordinates":[[[3528,6304],[3237,6340],[2834,6408],[2320,6538],[1896,6667],[1631,6945],[1461,7464],[1308,7680],[995,7746],[658,7752],[413,7969],[907,9569],[1859,9502],[2750,9825],[3211,9851],[4828,8703],[4860,8074],[4854,7710],[4538,7593],[4132,7479],[3812,7180],[3604,6789],[3528,6304]]]}},{"type":"Feature","id":"AD.6406","properties":{"hc-group":"admin1","hc-middle-x":0.43,"hc-middle-y":0.36,"hc-key":"ad-6406","hc-a2":"CA","labelrank":"20","hasc":"AD.CA","alt-name":null,"woe-id":"20070557","subregion":null,"fips":"AN02","postal-code":null,"name":"Canillo","country":"Andorra","type-en":null,"region":null,"longitude":"1.60543","woe-name":"Canillo","latitude":"42.5842","woe-label":"Canillo, AD, Andorra","type":null},"geometry":{"type":"Polygon","coordinates":[[[3528,6304],[3604,6789],[3812,7180],[4132,7479],[4538,7593],[4854,7710],[4860,8074],[4828,8703],[5156,8542],[8579,8151],[8305,7326],[8786,7010],[9485,6783],[9733,6410],[9733,6410],[9851,6234],[9092,6174],[8532,5647],[8388,5297],[8185,5500],[7896,5687],[7584,5844],[7480,6362],[7374,6728],[6944,6552],[6361,6561],[5731,6480],[5011,6340],[4001,6357],[3528,6304]]]}},{"type":"Feature","id":"AD.6407","properties":{"hc-group":"admin1","hc-middle-x":0.65,"hc-middle-y":0.47,"hc-key":"ad-6407","hc-a2":"EN","labelrank":"20","hasc":"AD.EN","alt-name":null,"woe-id":"20070558","subregion":null,"fips":"AN03","postal-code":null,"name":"Encamp","country":"Andorra","type-en":null,"region":null,"longitude":"1.6441","woe-name":"Encamp","latitude":"42.5381","woe-label":"Encamp, AD, Andorra","type":null},"geometry":{"type":"Polygon","coordinates":[[[3534,5302],[3543,5879],[3528,6304],[4001,6357],[5011,6340],[5731,6480],[6361,6561],[6944,6552],[7374,6728],[7480,6362],[7584,5844],[7896,5687],[8185,5500],[8388,5297],[8185,4804],[8060,3786],[7768,3451],[7428,3299],[7063,3300],[6706,3437],[6630,3565],[6546,3600],[6457,4100],[6080,4440],[5724,4628],[5096,4699],[4623,4616],[4222,4835],[4138,5201],[3916,5326],[3534,5302]]]}},{"type":"Feature","id":"AD.6408","properties":{"hc-group":"admin1","hc-middle-x":0.62,"hc-middle-y":0.49,"hc-key":"ad-6408","hc-a2":"EE","labelrank":"20","hasc":"AD.EE","alt-name":null,"woe-id":"20070554","subregion":null,"fips":"AN08","postal-code":null,"name":"Escaldes-Engordany","country":"Andorra","type-en":null,"region":null,"longitude":"1.59428","woe-name":"Escaldes-Engordany","latitude":"42.495","woe-label":"Escaldes-Engordany, AD, Andorra","type":null},"geometry":{"type":"Polygon","coordinates":[[[1769,3328],[2019,3476],[2382,3682],[2637,4103],[2822,4434],[2983,4643],[3326,4972],[3534,5302],[3916,5326],[4138,5201],[4222,4835],[4623,4616],[5096,4699],[5724,4628],[6080,4440],[6457,4100],[6546,3600],[6454,3556],[6343,3430],[5998,2334],[5022,1941],[3968,1822],[3888,2320],[3850,2746],[4058,3107],[3745,3173],[3249,3120],[2686,3039],[2284,3198],[1769,3328]]]}},{"type":"Feature","id":"AD.6409","properties":{"hc-group":"admin1","hc-middle-x":0.48,"hc-middle-y":0.55,"hc-key":"ad-6409","hc-a2":"SJ","labelrank":"20","hasc":"AD.JL","alt-name":null,"woe-id":"20070564","subregion":null,"fips":"AN06","postal-code":null,"name":"Sant Julià de Lòria","country":"Andorra","type-en":null,"region":null,"longitude":"1.47975","woe-name":"Sant Julià de Lòria","latitude":"42.4511","woe-label":"Sant Julià de Lòria, AD, Andorra","type":null},"geometry":{"type":"Polygon","coordinates":[[[1769,3328],[2284,3198],[2686,3039],[3249,3120],[3745,3173],[4058,3107],[3850,2746],[3888,2320],[3968,1822],[3112,1725],[2940,1536],[2805,1304],[2610,1076],[2257,889],[2009,859],[182,1136],[-160,1400],[-151,1911],[-997,3286],[-481,3510],[-308,3551],[296,3969],[594,4200],[1002,4405],[1431,4519],[1469,4154],[1487,3910],[1593,3514],[1769,3328]]]}}]}