{"title":"Bahrain","version":"1.1.2","type":"FeatureCollection","copyright":"Copyright (c) 2015 Highsoft AS, Based on data from Natural Earth","copyrightShort":"Natural Earth","copyrightUrl":"http://www.naturalearthdata.com","crs":{"type":"name","properties":{"name":"urn:ogc:def:crs:EPSG:20499"}},"hc-transform":{"default":{"crs":"+proj=utm +zone=39 +ellps=intl +towgs84=-143,-236,7,0,0,0,0 +units=m +no_defs","scale":0.0089302529525,"jsonres":15.5,"jsonmarginX":-999,"jsonmarginY":9851.0,"xoffset":438114.861346,"yoffset":2907553.5286}},
"features":[{"type":"Feature","id":"BH.3683","properties":{"hc-group":"admin1","hc-middle-x":0.24,"hc-middle-y":0.25,"hc-key":"bh-3683","hc-a2":"AJ","labelrank":"20","hasc":"BH.SO","alt-name":"al-Muhafazah al-Janobiyah|Southern","woe-id":"56051602","subregion":null,"fips":null,"postal-code":null,"name":"Al Jan?b?yah","country":"Bahrain","type-en":"Governorate","region":null,"longitude":"50.5622","woe-name":"Southern","latitude":"25.9688","woe-label":"Southern, BH, Bahrain","type":"Muhafazah"},"geometry":{"type":"MultiPolygon","coordinates":[[[[5008,-127],[4955,-205],[4902,-185],[4832,-166],[4735,-185],[4665,-224],[4603,-98],[4630,-20],[4586,48],[4613,116],[4700,106],[4788,96],[4955,67],[5026,-11],[5008,-127]]],[[[5026,367],[4912,290],[4850,377],[4824,455],[4859,523],[5070,513],[5026,367]]],[[[4808,1221],[4772,1086],[4667,931],[4561,795],[4631,727],[4736,610],[4684,533],[4517,572],[4437,514],[4323,407],[4270,349],[4331,145],[4437,-0],[4463,-97],[4366,-136],[4313,-233],[4295,-359],[4374,-417],[4436,-505],[4348,-592],[4268,-728],[4198,-863],[4233,-960],[4188,-999],[4030,-921],[3925,-756],[3978,-611],[4084,-368],[4076,-223],[4076,-9],[3953,127],[3962,262],[3980,447],[4033,650],[4174,873],[4359,1096],[4439,1173],[4553,1154],[4667,1241],[4808,1318],[4808,1221]]],[[[4676,1590],[4527,1532],[4457,1649],[4562,1697],[4659,1687],[4676,1590]]],[[[2261,6916],[2319,6257],[2285,4905],[2073,3216],[1947,2882],[1542,2224],[1539,2221],[1448,2685],[1292,3194],[1075,3690],[799,4117],[197,4802],[97,5227],[97,5228],[370,5741],[446,5964],[523,6188],[523,6187],[860,6170],[1189,6311],[1082,7040],[992,7426],[1613,7221],[1778,7322],[2261,6916]]]]}},{"type":"Feature","id":"BH.6451","properties":{"hc-group":"admin1","hc-middle-x":0.64,"hc-middle-y":0.40,"hc-key":"bh-6451","hc-a2":"AS","labelrank":"20","hasc":"BH.NO","alt-name":"Al Muhafazah ash Shamaliyah?|Northern","woe-id":"56051603","subregion":null,"fips":null,"postal-code":null,"name":"Ash Sham?l?yah","country":"Bahrain","type-en":"Governorate","region":null,"longitude":"50.4868","woe-name":"Northern","latitude":"26.1624","woe-label":"Northern, BH, Bahrain","type":"Muhafazah"},"geometry":{"type":"MultiPolygon","coordinates":[[[[-435,7525],[-406,7295],[-658,7362],[-926,7346],[-999,7593],[-968,7906],[-759,8135],[-611,8085],[-462,8002],[-464,7739],[-435,7525]]],[[[992,7426],[1082,7040],[1189,6311],[860,6170],[523,6187],[523,6188],[446,6764],[238,7332],[4,7746],[-51,7931],[-41,8182],[123,8906],[225,9084],[404,9170],[406,9170],[420,9170],[714,9161],[687,8764],[1143,8721],[1371,8426],[959,8337],[794,8176],[992,7426]]]]}},{"type":"Feature","id":"BH.6454","properties":{"hc-group":"admin1","hc-middle-x":0.34,"hc-middle-y":0.29,"hc-key":"bh-6454","hc-a2":"AM","labelrank":"20","hasc":"BH.MU","alt-name":"Muhafazat al-Muharaq","woe-id":"2344724","subregion":null,"fips":null,"postal-code":null,"name":"Al Mu?arraq","country":"Bahrain","type-en":"Governorate","region":null,"longitude":"50.6376","woe-name":"Muharraq","latitude":"26.261","woe-label":"Muharraq, BH, Bahrain","type":"Muhafazah"},"geometry":{"type":"Polygon","coordinates":[[[2822,9225],[3029,8928],[3207,8845],[3133,8632],[3058,8550],[2836,8682],[2777,8896],[2703,9110],[2511,9160],[2333,9193],[2214,9144],[2037,9474],[2067,9721],[2498,9851],[2809,9686],[2823,9455],[2822,9225]]]}},{"type":"Feature","id":"BH.6452","properties":{"hc-group":"admin1","hc-middle-x":0.42,"hc-middle-y":0.49,"hc-key":"bh-6452","hc-a2":"AW","labelrank":"20","hasc":"BH.CE","alt-name":"Al Muhafazah al Wustah|Central","woe-id":"56051601","subregion":null,"fips":null,"postal-code":null,"name":"Al Wus?á","country":"Bahrain","type-en":"Governorate","region":null,"longitude":"50.5738","woe-name":"Central","latitude":"26.1373","woe-label":"Central, BH, Bahrain","type":"Muhafazah"},"geometry":{"type":"Polygon","coordinates":[[[992,7426],[794,8176],[959,8337],[1371,8426],[1966,7904],[2107,8124],[2315,8288],[2404,8058],[2492,7695],[2670,7678],[2529,7505],[2520,7218],[2241,7149],[2261,6916],[1778,7322],[1613,7221],[992,7426]]]}},{"type":"Feature","id":"BH.6453","properties":{"hc-group":"admin1","hc-middle-x":0.63,"hc-middle-y":0.51,"hc-key":"bh-6453","hc-a2":"AM","labelrank":"20","hasc":"BH.CA","alt-name":"Muhafazat al-'Asimah|Capital","woe-id":"2344720","subregion":null,"fips":null,"postal-code":null,"name":"Al Man?mah","country":"Bahrain","type-en":"Governorate","region":null,"longitude":"50.5777","woe-name":"Capital","latitude":"26.2204","woe-label":"Capital, BH, Bahrain","type":"Muhafazah"},"geometry":{"type":"Polygon","coordinates":[[[1371,8426],[1143,8721],[687,8764],[714,9161],[886,9124],[1108,9022],[1287,8939],[1288,8940],[1858,9164],[1949,9104],[2006,8903],[2107,8765],[2137,8702],[2167,8639],[2167,8638],[2089,8476],[1959,8440],[1565,8496],[1371,8426]]]}}]}