{"title":"Cook Islands","version":"1.1.2","type":"FeatureCollection","copyright":"Copyright (c) 2015 Highsoft AS, Based on data from Natural Earth","copyrightShort":"Natural Earth","copyrightUrl":"http://www.naturalearthdata.com","crs":{"type":"name","properties":{"name":"urn:ogc:def:crs:EPSG:32704"}},"hc-transform":{"default":{"crs":"+proj=utm +zone=4 +south +datum=WGS84 +units=m +no_defs","scale":0.00203268452791,"jsonres":15.5,"jsonmarginX":-999,"jsonmarginY":9851.0,"xoffset":412184.307008,"yoffset":7917921.23445}},
"features":[{"type":"Feature","id":"NZ.6471","properties":{"hc-group":"admin1","hc-middle-x":0.86,"hc-middle-y":0.89,"hc-key":"nz-6471","hc-a2":"AT","labelrank":"20","hasc":"CK.","alt-name":null,"woe-id":"24549674","subregion":null,"fips":null,"postal-code":null,"name":"Atiu","country":"Cook Islands","type-en":null,"region":null,"longitude":"-158.089","woe-name":"Atiu","latitude":"-20.0232","woe-label":"Atiu, CK, Cook Islands","type":null},"geometry":{"type":"MultiPolygon","coordinates":[[[[4794,5721],[4745,5697],[4684,5711],[4635,5764],[4618,5849],[4668,5861],[4743,5830],[4806,5786],[4794,5721]]],[[[4165,6375],[4182,6352],[4140,6390],[4155,6384],[4165,6375]]],[[[4098,6409],[4086,6406],[4091,6416],[4118,6429],[4098,6409]]]]}},{"type":"Feature","id":"NZ.6475","properties":{"hc-group":"admin1","hc-middle-x":0.09,"hc-middle-y":0.31,"hc-key":"nz-6475","hc-a2":"AI","labelrank":"20","hasc":"CK.","alt-name":null,"woe-id":"24549676","subregion":null,"fips":null,"postal-code":null,"name":"Aitutaki","country":"Cook Islands","type-en":null,"region":null,"longitude":"-158.892","woe-name":"Aitutaki","latitude":"-19.2709","woe-label":null,"type":null},"geometry":{"type":"MultiPolygon","coordinates":[[[[1973,8364],[1992,8339],[2039,8350],[2036,8340],[2031,8333],[2016,8322],[1975,8339],[1933,8373],[1915,8405],[1948,8416],[1964,8398],[1973,8364]]],[[[2104,8373],[2083,8353],[2062,8373],[2060,8391],[2045,8404],[2041,8413],[2054,8433],[2087,8423],[2104,8373]]]]}},{"type":"Feature","id":"NZ.3583","properties":{"hc-group":"admin1","hc-middle-x":0.47,"hc-middle-y":0.60,"hc-key":"nz-3583","hc-a2":"MA","labelrank":"20","hasc":"CK.","alt-name":null,"woe-id":"24549672","subregion":null,"fips":null,"postal-code":null,"name":"Mangaia","country":"Cook Islands","type-en":null,"region":null,"longitude":"-157.909","woe-name":"Mangaia","latitude":"-21.9367","woe-label":null,"type":null},"geometry":{"type":"Polygon","coordinates":[[[5298,-995],[5257,-999],[5209,-993],[5175,-975],[5149,-946],[5124,-905],[5139,-864],[5169,-824],[5204,-795],[5236,-785],[5279,-802],[5314,-835],[5380,-918],[5389,-956],[5352,-982],[5298,-995]]]}},{"type":"Feature","id":"NZ.6470","properties":{"hc-group":"admin1","hc-middle-x":0.52,"hc-middle-y":0.46,"hc-key":"nz-6470","hc-a2":"RA","labelrank":"20","hasc":"CK.","alt-name":null,"woe-id":"24549675","subregion":null,"fips":null,"postal-code":null,"name":"Rarotonga","country":"Cook Islands","type-en":null,"region":null,"longitude":"-159.789","woe-name":"Rarotonga","latitude":"-21.2088","woe-label":"Rarotonga, CK, Cook Islands","type":null},"geometry":{"type":"Polygon","coordinates":[[[-639,1455],[-644,1423],[-662,1395],[-752,1409],[-763,1406],[-826,1438],[-956,1427],[-999,1465],[-975,1491],[-956,1556],[-951,1598],[-925,1621],[-842,1632],[-778,1629],[-712,1612],[-661,1579],[-640,1526],[-639,1455]]]}},{"type":"Feature","id":"NZ.6473","properties":{"hc-group":"admin1","hc-middle-x":0.50,"hc-middle-y":0.50,"hc-key":"nz-6473","hc-a2":"MI","labelrank":"20","hasc":"CK.","alt-name":null,"woe-id":"24549667","subregion":null,"fips":null,"postal-code":null,"name":"Mitiaro","country":"Cook Islands","type-en":null,"region":null,"longitude":"-157.707","woe-name":"Mitiaro","latitude":"-19.8389","woe-label":null,"type":null},"geometry":{"type":"Polygon","coordinates":[[[6030,6311],[5985,6260],[5985,6308],[5968,6343],[5946,6365],[5927,6391],[5919,6440],[5934,6468],[6007,6549],[6032,6569],[6025,6496],[6034,6400],[6030,6311]]]}},{"type":"Feature","id":"NZ.6474","properties":{"hc-group":"admin1","hc-middle-x":0.45,"hc-middle-y":0.48,"hc-key":"nz-6474","hc-a2":"MA","labelrank":"20","hasc":"CK.","alt-name":null,"woe-id":"24549666","subregion":null,"fips":null,"postal-code":null,"name":"Mauke","country":"Cook Islands","type-en":null,"region":null,"longitude":"-157.312","woe-name":"Mauke","latitude":"-20.1852","woe-label":null,"type":null},"geometry":{"type":"Polygon","coordinates":[[[7306,5147],[7271,5122],[7232,5134],[7203,5187],[7205,5247],[7239,5268],[7286,5252],[7323,5205],[7306,5147]]]}},{"type":"Feature","id":"NZ.6476","properties":{"hc-group":"admin1","hc-middle-x":0.43,"hc-middle-y":0.48,"hc-key":"nz-6476","hc-a2":"PA","labelrank":"20","hasc":"CK.","alt-name":null,"woe-id":"24549670","subregion":null,"fips":null,"postal-code":null,"name":"Palmerston","country":"Cook Islands","type-en":null,"region":null,"longitude":"-159.771","woe-name":"Palmerston","latitude":"-18.8968","woe-label":null,"type":null},"geometry":{"type":"Polygon","coordinates":[[[-797,9851],[-762,9822],[-759,9794],[-771,9807],[-777,9829],[-787,9832],[-819,9767],[-820,9755],[-809,9679],[-830,9645],[-866,9647],[-890,9679],[-895,9722],[-881,9789],[-867,9812],[-838,9844],[-797,9851]]]}}]}