{"title":"Djibouti","version":"1.1.2","type":"FeatureCollection","copyright":"Copyright (c) 2015 Highsoft AS, Based on data from Natural Earth","copyrightShort":"Natural Earth","copyrightUrl":"http://www.naturalearthdata.com","crs":{"type":"name","properties":{"name":"urn:ogc:def:crs:EPSG:32638"}},"hc-transform":{"default":{"crs":"+proj=utm +zone=38 +datum=WGS84 +units=m +no_defs","scale":0.00357770463808,"jsonres":15.5,"jsonmarginX":-999,"jsonmarginY":9851.0,"xoffset":145343.54071,"yoffset":1405573.97914}},
"features":[{"type":"Feature","id":"DJ.5766","properties":{"hc-group":"admin1","hc-middle-x":0.56,"hc-middle-y":0.39,"hc-key":"dj-5766","hc-a2":"NU","labelrank":"20","hasc":"-99","alt-name":null,"woe-id":"-99","subregion":null,"fips":null,"postal-code":null,"name":null,"country":"Djibouti","type-en":null,"region":null,"longitude":"43.1889","woe-name":null,"latitude":"11.7227","woe-label":null,"type":null},"geometry":{"type":"Polygon","coordinates":[[[7789,3804],[7768,3741],[7660,3817],[7692,3846],[7789,3804]]]}},{"type":"Feature","id":"DJ.DB","properties":{"hc-group":"admin1","hc-middle-x":0.51,"hc-middle-y":0.62,"hc-key":"dj-db","hc-a2":"DB","labelrank":"9","hasc":"DJ.DB","alt-name":null,"woe-id":"2345158","subregion":null,"fips":"DJ07","postal-code":"DB","name":"Djibouti","country":"Djibouti","type-en":"City","region":null,"longitude":"43.037","woe-name":"Djibouti","latitude":"11.5524","woe-label":"Djibouti, DJ, Djibouti","type":"City"},"geometry":{"type":"Polygon","coordinates":[[[5974,2965],[6820,2971],[6949,2996],[7069,2991],[7199,2913],[7319,2940],[7429,3106],[7494,3125],[7530,3060],[7620,2694],[6878,2559],[6655,2560],[6308,2599],[5981,2950],[5974,2965]]]}},{"type":"Feature","id":"DJ.1166","properties":{"hc-group":"admin1","hc-middle-x":0.39,"hc-middle-y":0.62,"hc-key":"dj-1166","hc-a2":"AR","labelrank":"8","hasc":"DJ.","alt-name":null,"woe-id":"1310928","subregion":null,"fips":null,"postal-code":null,"name":"Arta","country":"Djibouti","type-en":"Region","region":null,"longitude":"42.8032","woe-name":"Arta","latitude":"11.4461","woe-label":null,"type":"Region"},"geometry":{"type":"Polygon","coordinates":[[[3744,2765],[3746,2611],[3779,2485],[3978,2407],[4098,2295],[4171,2266],[4256,2280],[4352,2369],[4421,2389],[4588,2336],[4643,2365],[4680,2442],[4546,2556],[4600,2657],[4722,2741],[4999,2846],[5409,2891],[5540,2925],[5652,3021],[5703,3039],[5819,2964],[5974,2965],[5981,2950],[6308,2599],[6655,2560],[6878,2559],[7620,2694],[7684,2601],[7752,2550],[7940,2448],[8027,2361],[7710,1872],[7114,2234],[6924,2311],[6039,2141],[5745,1613],[5555,1464],[4784,1019],[3530,1251],[3040,1986],[2890,2473],[2760,3166],[2738,3423],[2950,3159],[3042,3085],[3744,2758],[3744,2765]]]}},{"type":"Feature","id":"DJ.AS","properties":{"hc-group":"admin1","hc-middle-x":0.52,"hc-middle-y":0.50,"hc-key":"dj-as","hc-a2":"AS","labelrank":"8","hasc":"DJ.AS","alt-name":"`Ali Sabîh","woe-id":"2345156","subregion":null,"fips":"DJ01","postal-code":"AS","name":"Ali Sabieh","country":"Djibouti","type-en":"Region","region":null,"longitude":"42.8985","woe-name":"Ali Sabieh","latitude":"11.2107","woe-label":"'Ali Sabini, DJ, Djibouti","type":"Region"},"geometry":{"type":"Polygon","coordinates":[[[4784,1019],[5555,1464],[5745,1613],[6039,2141],[6924,2311],[7114,2234],[7710,1872],[6087,-627],[5993,-593],[5871,-719],[5781,-751],[5552,-693],[5301,-665],[5166,-634],[5064,-547],[4914,-212],[4798,-167],[4653,-161],[4224,-55],[4179,-58],[4214,575],[4292,742],[4784,1019]]]}},{"type":"Feature","id":"DJ.DK","properties":{"hc-group":"admin1","hc-middle-x":0.36,"hc-middle-y":0.52,"hc-key":"dj-dk","hc-a2":"DK","labelrank":"7","hasc":"DJ.DK","alt-name":"Dikkil","woe-id":"2345157","subregion":null,"fips":"DJ06","postal-code":"DK","name":"Dikhil","country":"Djibouti","type-en":"Region","region":null,"longitude":"42.2277","woe-name":"Dikhil","latitude":"11.3884","woe-label":"Dikhil, DJ, Djibouti","type":"Region"},"geometry":{"type":"Polygon","coordinates":[[[2738,3423],[2760,3166],[2890,2473],[3040,1986],[3530,1251],[4784,1019],[4292,742],[4214,575],[4179,-58],[3946,-75],[3399,-236],[2994,-497],[2863,-558],[2771,-552],[2540,-496],[2342,-561],[2129,-566],[1912,-661],[1830,-681],[1715,-679],[1404,-604],[1070,-638],[906,-690],[716,-879],[548,-919],[205,-930],[103,-999],[14,-960],[-21,-892],[-737,-739],[-887,-680],[-962,-580],[-851,-407],[-810,-145],[-807,-4],[-462,260],[-265,491],[-214,704],[-315,835],[-718,1145],[-797,1181],[-850,1705],[-998,2412],[-999,2747],[-814,3302],[-725,3767],[-627,3961],[-537,4021],[-298,4122],[-237,4200],[-203,4287],[-151,4323],[2,4382],[154,4512],[389,4838],[488,4818],[1466,4573],[1716,4472],[2738,3423]]]}},{"type":"Feature","id":"DJ.OB","properties":{"hc-group":"admin1","hc-middle-x":0.56,"hc-middle-y":0.50,"hc-key":"dj-ob","hc-a2":"OB","labelrank":"7","hasc":"DJ.OB","alt-name":null,"woe-id":"2345159","subregion":null,"fips":"DJ04","postal-code":"OB","name":"Obock","country":"Djibouti","type-en":"Region","region":null,"longitude":"43.0464","woe-name":"Obock","latitude":"12.2842","woe-label":"Obock, DJ, Djibouti","type":"Region"},"geometry":{"type":"Polygon","coordinates":[[[4777,7860],[4968,7911],[5103,8084],[5283,8116],[5359,8156],[5395,8321],[5341,8514],[5321,8697],[5586,8942],[5729,9273],[5831,9361],[5884,9354],[5959,9294],[6020,9299],[7334,9851],[7431,9785],[7533,9554],[7597,9449],[8182,8774],[8322,8547],[8407,8458],[8501,8431],[8600,8498],[8599,8282],[8639,8075],[8784,7848],[8802,7739],[8808,7505],[8826,7381],[8862,7295],[9086,6980],[9103,6876],[9083,6519],[9125,6056],[9091,5860],[9002,5678],[8870,5527],[8709,5425],[8498,5384],[8333,5301],[8212,5280],[7953,5276],[7838,5246],[7641,5107],[7173,4555],[7105,4520],[6962,4666],[6912,4743],[6744,5110],[6675,5221],[5439,6612],[5285,6656],[5167,6717],[4870,6977],[4794,7073],[4655,7363],[4650,7503],[4691,7571],[4772,7638],[4791,7760],[4777,7860]]]}},{"type":"Feature","id":"DJ.TA","properties":{"hc-group":"admin1","hc-middle-x":0.48,"hc-middle-y":0.54,"hc-key":"dj-ta","hc-a2":"TA","labelrank":"8","hasc":"DJ.TA","alt-name":"Tadjoura","woe-id":"2345160","subregion":null,"fips":"DJ05","postal-code":"TA","name":"Tadjourah","country":"Djibouti","type-en":"Region","region":null,"longitude":"42.5043","woe-name":"Tadjourah","latitude":"11.7972","woe-label":"Tadjoura, DJ, Djibouti","type":"Region"},"geometry":{"type":"Polygon","coordinates":[[[7105,4520],[7003,4468],[6952,4342],[6835,4275],[6504,4262],[6417,4231],[6236,4128],[6072,4189],[5957,4171],[5393,3975],[5234,3880],[5093,3732],[4663,2964],[4565,2881],[4377,2827],[4176,2852],[4017,2848],[3933,2878],[3843,2981],[3712,2974],[3640,2923],[3639,2880],[3719,2898],[3744,2765],[3744,2758],[3042,3085],[2950,3159],[2738,3423],[1716,4472],[1466,4573],[488,4818],[389,4838],[897,5541],[1146,5992],[1213,6065],[1356,6133],[1405,6208],[1499,6431],[2315,7520],[2503,7919],[2871,8404],[3185,8735],[3291,8753],[3455,8708],[3730,8582],[4668,7737],[4749,7852],[4777,7860],[4791,7760],[4772,7638],[4691,7571],[4650,7503],[4655,7363],[4794,7073],[4870,6977],[5167,6717],[5285,6656],[5439,6612],[6675,5221],[6744,5110],[6912,4743],[6962,4666],[7105,4520]]]}}]}