{"title":"Guam","version":"1.1.2","type":"FeatureCollection","copyright":"Copyright (c) 2015 Highsoft AS, Based on data from Natural Earth","copyrightShort":"Natural Earth","copyrightUrl":"http://www.naturalearthdata.com","crs":{"type":"name","properties":{"name":"urn:ogc:def:crs:EPSG:4414"}},"hc-transform":{"default":{"crs":"+proj=tmerc +lat_0=13.5 +lon_0=144.75 +k=1 +x_0=100000 +y_0=200000 +ellps=GRS80 +towgs84=0,0,0,0,0,0,0 +units=m +no_defs","scale":0.0153157103889,"jsonres":15.5,"jsonmarginX":-999,"jsonmarginY":9851.0,"xoffset":86376.2091653,"yoffset":217054.965773}},
"features":[{"type":"Feature","id":"GU.3605","properties":{"hc-group":"admin1","hc-middle-x":0.24,"hc-middle-y":0.72,"hc-key":"gu-3605","hc-a2":"GU","labelrank":"20","hasc":"GU","alt-name":null,"woe-id":"23424832","subregion":null,"fips":null,"postal-code":null,"name":"Guam","country":"Guam","type-en":null,"region":null,"longitude":"144.789","woe-name":"Guam","latitude":"13.4733","woe-label":null,"type":null},"geometry":{"type":"Polygon","coordinates":[[[3733,4379],[3095,3714],[2734,2628],[2495,172],[1865,-785],[1413,-978],[885,-999],[452,-848],[188,-374],[-164,79],[-245,209],[-402,1204],[-483,1380],[-607,1534],[-757,1656],[-946,1742],[-682,2006],[-514,2276],[-426,2611],[-401,3077],[-451,3294],[-581,3565],[-727,3795],[-999,3997],[-884,4195],[-683,4309],[-576,4170],[-221,4205],[1332,5105],[1690,5424],[3095,6240],[3369,6514],[3603,6830],[3808,7211],[4347,8972],[4512,9289],[4815,9578],[5233,9822],[5590,9851],[5739,9486],[6003,8902],[6456,8572],[6973,8426],[7422,8393],[7429,8086],[7057,7394],[6270,6241],[5367,5414],[3733,4379]]]}}]}