{"title":"Iraq","version":"1.1.2","type":"FeatureCollection","copyright":"Copyright (c) 2015 Highsoft AS, Based on data from Natural Earth","copyrightShort":"Natural Earth","copyrightUrl":"http://www.naturalearthdata.com","crs":{"type":"name","properties":{"name":"urn:ogc:def:crs:EPSG:3200"}},"hc-transform":{"default":{"crs":"+proj=lcc +lat_1=32.5 +lat_0=32.5 +lon_0=45 +k_0=0.9987864078000001 +x_0=1500000 +y_0=1166200 +ellps=clrk80 +towgs84=-241.54,-163.64,396.06,0,0,0,0 +units=m +no_defs","scale":0.000758528422607,"jsonres":15.5,"jsonmarginX":-999,"jsonmarginY":9851.0,"xoffset":921571.335876,"yoffset":1708917.24807}},
"features":[{"type":"Feature","id":"IQ.NA","properties":{"hc-group":"admin1","hc-middle-x":0.54,"hc-middle-y":0.50,"hc-key":"iq-na","hc-a2":"NA","labelrank":"5","hasc":"IQ.NA","alt-name":null,"woe-id":"2345849","subregion":null,"fips":"IZ17","postal-code":"NA","name":"An-Najaf","country":"Iraq","type-en":"Province","region":"Iraq","longitude":"43.7551","woe-name":"An-Najaf","latitude":"30.9322","woe-label":"An Najaf, IQ, Iraq","type":"Muhafazah"},"geometry":{"type":"Polygon","coordinates":[[[4465,-23],[3386,881],[3302,956],[3418,1173],[3468,1298],[3484,1412],[3601,1598],[3631,1722],[3677,1838],[3690,1976],[3813,2228],[3839,2353],[4033,2635],[4104,2693],[4254,2734],[4419,2827],[4458,2869],[4466,2933],[4351,3045],[5000,3222],[5023,3205],[5049,3267],[5074,3163],[5039,3135],[5107,3008],[5247,3100],[5391,3025],[5340,2939],[5372,2899],[5263,2829],[5245,2757],[5282,2572],[5276,2448],[5290,2350],[5269,2319],[5219,2343],[5171,2309],[5189,2234],[5282,2135],[5496,2046],[5410,1587],[5329,1430],[5233,1332],[5177,1247],[5046,1173],[4981,1096],[4941,1017],[4733,434],[4465,-23]]]}},{"type":"Feature","id":"IQ.KA","properties":{"hc-group":"admin1","hc-middle-x":0.51,"hc-middle-y":0.49,"hc-key":"iq-ka","hc-a2":"KA","labelrank":"5","hasc":"IQ.KA","alt-name":"Kerbela","woe-id":"2345844","subregion":null,"fips":"IZ12","postal-code":"KA","name":"Karbala'","country":"Iraq","type-en":"Province","region":"Iraq","longitude":"43.7651","woe-name":"Karbala'","latitude":"32.502","woe-label":"Karbala', IQ, Iraq","type":"Muhafazah"},"geometry":{"type":"Polygon","coordinates":[[[5049,3267],[5023,3205],[5000,3222],[4351,3045],[4117,3230],[3861,3497],[3828,3577],[3939,3626],[4098,3646],[4140,3668],[4349,3847],[4436,3889],[4655,3898],[4844,3838],[4941,3832],[4987,3796],[4942,3611],[4962,3518],[5023,3427],[5015,3354],[5049,3267]]]}},{"type":"Feature","id":"IQ.BA","properties":{"hc-group":"admin1","hc-middle-x":0.43,"hc-middle-y":0.40,"hc-key":"iq-ba","hc-a2":"BA","labelrank":"5","hasc":"IQ.BA","alt-name":"Basra|Bassora","woe-id":"2345834","subregion":null,"fips":"IZ02","postal-code":"BA","name":"Al-Basrah","country":"Iraq","type-en":"Province","region":"Iraq","longitude":"47.5605","woe-name":"Al-Basrah","latitude":"30.6802","woe-label":"Al Basrah, IQ, Iraq","type":"Muhafazah"},"geometry":{"type":"Polygon","coordinates":[[[8796,1860],[8800,1545],[9168,1555],[9184,1532],[9201,865],[9321,851],[9365,820],[9417,688],[9498,691],[9644,561],[9658,510],[9631,477],[9716,277],[9763,240],[9834,223],[9796,185],[9672,194],[9585,221],[9439,299],[9336,323],[9245,309],[9168,264],[9145,374],[9144,251],[8895,367],[8830,378],[8538,371],[8473,362],[8292,282],[8195,185],[8104,-63],[8063,-141],[8030,-262],[7948,-404],[7916,-493],[7827,-600],[7758,-722],[7589,-916],[7615,-620],[7678,-482],[7681,-282],[7693,-150],[7778,345],[7756,466],[7642,625],[7617,695],[7577,895],[7943,1002],[8121,976],[8155,983],[8154,1143],[8186,1329],[8195,1600],[8183,1708],[8194,1788],[8275,1859],[8479,1908],[8639,1896],[8796,1860]]]}},{"type":"Feature","id":"IQ.MU","properties":{"hc-group":"admin1","hc-middle-x":0.54,"hc-middle-y":0.64,"hc-key":"iq-mu","hc-a2":"MU","labelrank":"5","hasc":"IQ.MU","alt-name":"Al-Muthanna","woe-id":"2345835","subregion":null,"fips":"IZ03","postal-code":"MU","name":"Al-Muthannia","country":"Iraq","type-en":"Province","region":"Iraq","longitude":"45.2843","woe-name":"Al-Muthannia","latitude":"30.4381","woe-label":"Al Muthanna, IQ, Iraq","type":"Muhafazah"},"geometry":{"type":"Polygon","coordinates":[[[7577,895],[7617,695],[7642,625],[7756,466],[7778,345],[7693,-150],[7681,-282],[7678,-482],[7615,-620],[7589,-916],[7556,-954],[7356,-999],[5478,-839],[5449,-828],[4465,-23],[4733,434],[4941,1017],[4981,1096],[5046,1173],[5177,1247],[5233,1332],[5329,1430],[5410,1587],[5496,2046],[5686,1906],[5777,1857],[5800,1992],[5924,2318],[5829,2399],[6126,2463],[6398,2411],[6596,2347],[6676,2367],[6718,2307],[6715,2249],[6664,2220],[6698,2102],[6622,2005],[6613,1963],[6706,1955],[6643,1803],[6633,1747],[6688,1716],[6677,1627],[6623,1630],[6593,1488],[6610,1306],[7162,1239],[7344,1178],[7525,886],[7577,895]]]}},{"type":"Feature","id":"IQ.QA","properties":{"hc-group":"admin1","hc-middle-x":0.42,"hc-middle-y":0.43,"hc-key":"iq-qa","hc-a2":"QA","labelrank":"5","hasc":"IQ.QA","alt-name":"Diwaniyah","woe-id":"2345836","subregion":null,"fips":"IZ04","postal-code":"QA","name":"Al-Qadisiyah","country":"Iraq","type-en":"Province","region":"Iraq","longitude":"45.1075","woe-name":"Al-Qadisiyah","latitude":"31.6081","woe-label":"Al Qadisiyah, IQ, Iraq","type":"Muhafazah"},"geometry":{"type":"Polygon","coordinates":[[[6676,2367],[6596,2347],[6398,2411],[6126,2463],[5829,2399],[5924,2318],[5800,1992],[5777,1857],[5686,1906],[5496,2046],[5282,2135],[5189,2234],[5171,2309],[5219,2343],[5269,2319],[5290,2350],[5276,2448],[5282,2572],[5245,2757],[5263,2829],[5372,2899],[5340,2939],[5391,3025],[5485,2977],[5533,2981],[5596,3041],[5600,3114],[5648,3100],[5729,3167],[5800,3196],[5979,3323],[6020,3331],[6084,3322],[6119,3290],[6197,3281],[6234,3254],[6225,3158],[6353,3036],[6397,2968],[6562,2909],[6554,2872],[6607,2752],[6599,2674],[6644,2539],[6676,2367]]]}},{"type":"Feature","id":"IQ.DQ","properties":{"hc-group":"admin1","hc-middle-x":0.55,"hc-middle-y":0.58,"hc-key":"iq-dq","hc-a2":"DQ","labelrank":"5","hasc":"IQ.DQ","alt-name":"Dhi Qar|Muntafiq|Nasiriyah|Thi-Qar","woe-id":"2345841","subregion":null,"fips":"IZ09","postal-code":"DQ","name":"Dhi-Qar","country":"Iraq","type-en":"Province","region":"Iraq","longitude":"46.4203","woe-name":"Dhi-Qar","latitude":"31.191","woe-label":"Dhi Qar, IQ, Iraq","type":"Muhafazah"},"geometry":{"type":"Polygon","coordinates":[[[7577,895],[7525,886],[7344,1178],[7162,1239],[6610,1306],[6593,1488],[6623,1630],[6677,1627],[6688,1716],[6633,1747],[6643,1803],[6706,1955],[6613,1963],[6622,2005],[6698,2102],[6664,2220],[6715,2249],[6718,2307],[6676,2367],[6644,2539],[6599,2674],[6607,2752],[6718,2746],[6869,2802],[6975,2829],[7263,2833],[7304,2780],[7257,2742],[7374,2539],[7396,2426],[7482,2351],[7584,2234],[7575,2127],[7594,2044],[7694,1984],[7746,1917],[7759,1789],[7869,1714],[7986,1718],[8183,1708],[8195,1600],[8186,1329],[8154,1143],[8155,983],[8121,976],[7943,1002],[7577,895]]]}},{"type":"Feature","id":"IQ.MA","properties":{"hc-group":"admin1","hc-middle-x":0.49,"hc-middle-y":0.59,"hc-key":"iq-ma","hc-a2":"MA","labelrank":"5","hasc":"IQ.MA","alt-name":"`Amara","woe-id":"2345846","subregion":null,"fips":"IZ14","postal-code":"MA","name":"Maysan","country":"Iraq","type-en":"Province","region":"Iraq","longitude":"47.0739","woe-name":"Maysan","latitude":"31.8089","woe-label":"Maysan, IQ, Iraq","type":"Muhafazah"},"geometry":{"type":"Polygon","coordinates":[[[8796,1860],[8639,1896],[8479,1908],[8275,1859],[8194,1788],[8183,1708],[7986,1718],[7869,1714],[7759,1789],[7746,1917],[7694,1984],[7594,2044],[7575,2127],[7584,2234],[7482,2351],[7396,2426],[7374,2539],[7257,2742],[7304,2780],[7263,2833],[7401,2840],[7551,2809],[7578,3005],[7542,3061],[7406,3117],[7388,3176],[7432,3310],[7396,3364],[7430,3469],[7434,3611],[7502,3828],[7561,3901],[7689,3817],[7736,3766],[8073,3483],[8143,3441],[8216,3439],[8286,3475],[8388,3443],[8473,3338],[8449,3286],[8551,3161],[8577,3110],[8561,3043],[8658,2990],[8704,2907],[8761,2870],[8874,2680],[8953,2606],[8951,2549],[8793,2084],[8796,1860]]]}},{"type":"Feature","id":"IQ.WA","properties":{"hc-group":"admin1","hc-middle-x":0.61,"hc-middle-y":0.58,"hc-key":"iq-wa","hc-a2":"WA","labelrank":"5","hasc":"IQ.WA","alt-name":"Kut|Kut-al-Imara","woe-id":"2345848","subregion":null,"fips":"IZ16","postal-code":"WA","name":"Wasit","country":"Iraq","type-en":"Province","region":"Iraq","longitude":"45.5635","woe-name":"Wasit","latitude":"32.6139","woe-label":"Wasit, IQ, Iraq","type":"Muhafazah"},"geometry":{"type":"Polygon","coordinates":[[[7263,2833],[6975,2829],[6869,2802],[6718,2746],[6607,2752],[6554,2872],[6562,2909],[6397,2968],[6353,3036],[6225,3158],[6234,3254],[6197,3281],[6119,3290],[6084,3322],[6020,3331],[6015,3399],[5935,3402],[5858,3465],[5815,3562],[5768,3718],[5730,3761],[5651,3805],[5555,3827],[5478,3869],[5322,3880],[5289,3947],[5296,4128],[5329,4126],[5376,4221],[5434,4141],[5488,4153],[5473,4193],[5620,4347],[5779,4314],[5924,4323],[6331,4206],[6434,4298],[6501,4392],[6533,4467],[6713,4615],[6802,4664],[6854,4770],[6902,4718],[6934,4604],[7065,4465],[7080,4346],[7013,4280],[6930,4262],[6945,4234],[7030,4206],[7029,4166],[6982,4118],[7006,4066],[7070,4059],[7199,4075],[7316,4040],[7426,3990],[7561,3901],[7502,3828],[7434,3611],[7430,3469],[7396,3364],[7432,3310],[7388,3176],[7406,3117],[7542,3061],[7578,3005],[7551,2809],[7401,2840],[7263,2833]]]}},{"type":"Feature","id":"IQ.SD","properties":{"hc-group":"admin1","hc-middle-x":0.51,"hc-middle-y":0.66,"hc-key":"iq-sd","hc-a2":"SD","labelrank":"5","hasc":"IQ.SD","alt-name":"Salah ad-Din|Salaheddin","woe-id":"2345850","subregion":null,"fips":"IZ18","postal-code":"SD","name":"Sala ad-Din","country":"Iraq","type-en":"Province","region":"Iraq","longitude":"43.7294","woe-name":"Sala ad-Din","latitude":"34.3421","woe-label":"S-Alah Ad Din, IQ, Iraq","type":"Muhafazah"},"geometry":{"type":"Polygon","coordinates":[[[5332,6895],[5440,6781],[5657,6760],[5766,6669],[5764,6553],[5650,6477],[5613,6390],[5495,6312],[5492,6210],[5402,6106],[5286,6176],[5280,6090],[5255,6027],[5263,5937],[5238,5853],[5283,5806],[5250,5724],[5190,5712],[5157,5655],[5099,5641],[5100,5596],[5031,5448],[5039,5427],[5130,5422],[5201,5339],[5197,5267],[5160,5209],[5139,5118],[5176,5065],[5140,4961],[5139,4865],[5051,4790],[4976,4687],[4896,4692],[4818,4730],[4855,4759],[4768,4935],[4680,4999],[4498,4996],[4266,5085],[4092,5129],[3945,5261],[3774,5439],[3701,5540],[3647,5678],[3622,5817],[3595,5858],[3566,6090],[3435,6019],[3355,6052],[3149,6228],[3111,6418],[3116,6703],[3109,6722],[3138,6848],[3262,6872],[3644,6867],[3698,6887],[3691,6955],[3631,7018],[3639,7091],[3605,7164],[3552,7224],[3542,7277],[3558,7397],[3689,7451],[3819,7537],[3946,7596],[4029,7683],[4014,7634],[4069,7506],[4072,7404],[4049,7337],[4011,7297],[3959,7349],[3953,7277],[4060,7172],[4037,7105],[4114,7084],[4072,7029],[4187,6881],[4634,6608],[4799,6538],[4864,6497],[5035,6343],[5091,6379],[5079,6454],[5148,6548],[5159,6603],[5231,6693],[5290,6731],[5285,6859],[5332,6895]]]}},{"type":"Feature","id":"IQ.SU","properties":{"hc-group":"admin1","hc-middle-x":0.57,"hc-middle-y":0.58,"hc-key":"iq-su","hc-a2":"SU","labelrank":"5","hasc":"IQ.SU","alt-name":null,"woe-id":"2345837","subregion":null,"fips":"IZ05","postal-code":"SU","name":"As-Sulaymaniyah","country":"Iraq","type-en":"Province","region":"Kurdistan","longitude":"45.4331","woe-name":"As-Sulaymaniyah","latitude":"35.332","woe-label":"As Sulaymaniyah, IQ, Iraq","type":"Muhafazah"},"geometry":{"type":"Polygon","coordinates":[[[5764,6553],[5766,6669],[5657,6760],[5440,6781],[5332,6895],[5379,6935],[5463,6961],[5469,7021],[5515,7066],[5541,7145],[5527,7206],[5590,7339],[5537,7419],[5564,7646],[5463,7753],[5405,7882],[5558,7866],[5621,7840],[5647,7888],[5764,7875],[5768,7914],[5637,7999],[5559,8093],[5406,8196],[5396,8225],[5481,8299],[5420,8384],[5381,8377],[5320,8470],[5315,8513],[5382,8584],[5437,8616],[5484,8604],[5678,8657],[5760,8643],[5811,8704],[5841,8675],[5877,8583],[5918,8556],[6008,8582],[6053,8557],[6074,8373],[6116,8327],[6124,8214],[6170,8145],[6134,8044],[6183,8001],[6282,8046],[6374,8024],[6488,7945],[6565,7809],[6597,7786],[6688,7786],[6735,7819],[6869,7824],[6928,7849],[6991,7831],[7017,7782],[7061,7774],[7163,7814],[7204,7800],[7198,7740],[7118,7666],[7054,7666],[6980,7631],[6905,7633],[6862,7589],[6866,7477],[6824,7485],[6851,7423],[6830,7375],[6913,7229],[6999,7147],[6977,7058],[7053,7014],[7012,6903],[7026,6862],[6944,6847],[6883,6810],[6780,6843],[6720,6757],[6734,6688],[6698,6586],[6656,6602],[6638,6736],[6684,6750],[6572,6872],[6457,6692],[6480,6685],[6438,6603],[6398,6575],[6313,6401],[6285,6299],[6188,6253],[6071,6112],[6036,6090],[6002,6138],[6005,6218],[6031,6264],[6004,6432],[5945,6490],[5861,6474],[5764,6553]]]}},{"type":"Feature","id":"IQ.DI","properties":{"hc-group":"admin1","hc-middle-x":0.45,"hc-middle-y":0.57,"hc-key":"iq-di","hc-a2":"DI","labelrank":"5","hasc":"IQ.DI","alt-name":null,"woe-id":"2345842","subregion":null,"fips":"IZ10","postal-code":"DI","name":"Diyala","country":"Iraq","type-en":"Province","region":"Iraq","longitude":"45.1046","woe-name":"Diyala","latitude":"33.9882","woe-label":"Diyala, IQ, Iraq","type":"Muhafazah"},"geometry":{"type":"Polygon","coordinates":[[[6656,6602],[6612,6611],[6602,6521],[6529,6491],[6514,6419],[6476,6363],[6519,6323],[6565,6179],[6551,6142],[6453,6155],[6341,6194],[6344,6067],[6251,6002],[6285,5895],[6319,5852],[6365,5870],[6404,5830],[6408,5768],[6371,5657],[6380,5590],[6294,5514],[6257,5416],[6214,5388],[6261,5343],[6329,5343],[6426,5168],[6472,5123],[6519,5009],[6587,4957],[6602,4882],[6690,4938],[6767,4945],[6763,4905],[6805,4870],[6800,4821],[6732,4767],[6783,4744],[6854,4770],[6802,4664],[6713,4615],[6533,4467],[6501,4392],[6434,4298],[6331,4206],[5924,4323],[5779,4314],[5620,4347],[5473,4193],[5488,4153],[5434,4141],[5376,4221],[5329,4126],[5296,4128],[5304,4197],[5259,4350],[5259,4350],[5261,4406],[5296,4486],[5301,4601],[5283,4656],[5249,4630],[5175,4680],[5097,4684],[5069,4630],[5012,4615],[5009,4614],[4976,4687],[5051,4790],[5139,4865],[5140,4961],[5176,5065],[5139,5118],[5160,5209],[5197,5267],[5201,5339],[5130,5422],[5039,5427],[5031,5448],[5100,5596],[5099,5641],[5157,5655],[5190,5712],[5250,5724],[5283,5806],[5238,5853],[5263,5937],[5255,6027],[5280,6090],[5286,6176],[5402,6106],[5492,6210],[5495,6312],[5613,6390],[5650,6477],[5764,6553],[5861,6474],[5945,6490],[6004,6432],[6031,6264],[6005,6218],[6002,6138],[6036,6090],[6071,6112],[6188,6253],[6285,6299],[6313,6401],[6398,6575],[6438,6603],[6480,6685],[6457,6692],[6572,6872],[6684,6750],[6638,6736],[6656,6602]]]}},{"type":"Feature","id":"IQ.BB","properties":{"hc-group":"admin1","hc-middle-x":0.49,"hc-middle-y":0.54,"hc-key":"iq-bb","hc-a2":"BB","labelrank":"5","hasc":"IQ.BB","alt-name":"Babylon|Hilla","woe-id":"2345838","subregion":null,"fips":"IZ06","postal-code":"BB","name":"Babil","country":"Iraq","type-en":"Province","region":"Iraq","longitude":"44.5099","woe-name":"Babil","latitude":"32.6833","woe-label":"Babil, IQ, Iraq","type":"Muhafazah"},"geometry":{"type":"Polygon","coordinates":[[[5304,4197],[5296,4128],[5289,3947],[5322,3880],[5478,3869],[5555,3827],[5651,3805],[5730,3761],[5768,3718],[5815,3562],[5858,3465],[5935,3402],[6015,3399],[6020,3331],[5979,3323],[5800,3196],[5729,3167],[5648,3100],[5600,3114],[5596,3041],[5533,2981],[5485,2977],[5391,3025],[5247,3100],[5107,3008],[5039,3135],[5074,3163],[5049,3267],[5015,3354],[5023,3427],[4962,3518],[4942,3611],[4987,3796],[4941,3832],[4844,3838],[4857,3962],[4766,4065],[4722,4241],[4689,4274],[4529,4343],[4509,4389],[4851,4346],[4967,4303],[5020,4368],[5077,4360],[5259,4350],[5259,4350],[5304,4197]]]}},{"type":"Feature","id":"IQ.BG","properties":{"hc-group":"admin1","hc-middle-x":0.50,"hc-middle-y":0.49,"hc-key":"iq-bg","hc-a2":"BG","labelrank":"9","hasc":"IQ.BG","alt-name":"Bagd |Bagdad","woe-id":"2345839","subregion":null,"fips":"IZ07","postal-code":"BG","name":"Baghdad","country":"Iraq","type-en":"Province","region":"Iraq","longitude":"44.3827","woe-name":"Baghdad","latitude":"33.306","woe-label":"Baghdad, IQ, Iraq","type":"Muhafazah"},"geometry":{"type":"Polygon","coordinates":[[[5012,4615],[5069,4630],[5097,4684],[5175,4680],[5249,4630],[5283,4656],[5301,4601],[5296,4486],[5261,4406],[5259,4350],[5259,4350],[5077,4360],[5020,4368],[4966,4414],[4955,4515],[5012,4615]]]}},{"type":"Feature","id":"IQ.AN","properties":{"hc-group":"admin1","hc-middle-x":0.27,"hc-middle-y":0.45,"hc-key":"iq-an","hc-a2":"AN","labelrank":"5","hasc":"IQ.AN","alt-name":"Dulaim|Ramadi","woe-id":"2345833","subregion":null,"fips":"IZ01","postal-code":"AN","name":"Al-Anbar","country":"Iraq","type-en":"Province","region":"Iraq","longitude":"41.5307","woe-name":"Al-Anbar","latitude":"33.2317","woe-label":"Al Anbar, IQ, Iraq","type":"Muhafazah"},"geometry":{"type":"Polygon","coordinates":[[[4976,4687],[5009,4614],[5012,4615],[4955,4515],[4966,4414],[5020,4368],[4967,4303],[4851,4346],[4509,4389],[4529,4343],[4689,4274],[4722,4241],[4766,4065],[4857,3962],[4844,3838],[4655,3898],[4436,3889],[4349,3847],[4140,3668],[4098,3646],[3939,3626],[3828,3577],[3861,3497],[4117,3230],[4351,3045],[4466,2933],[4458,2869],[4419,2827],[4254,2734],[4104,2693],[4033,2635],[3839,2353],[3813,2228],[3690,1976],[3677,1838],[3631,1722],[3601,1598],[3484,1412],[3468,1298],[3418,1173],[3302,956],[2523,1664],[781,2784],[662,2849],[287,2938],[-670,3152],[-682,3159],[-543,3265],[-513,3304],[-545,3434],[-567,3449],[-780,3403],[-798,3429],[-842,3624],[-754,3646],[-999,4802],[1143,5948],[1411,6009],[1469,6062],[1709,6497],[1723,6562],[1724,7005],[1884,6986],[2134,6914],[2564,6725],[2785,6734],[2874,6696],[3109,6722],[3116,6703],[3111,6418],[3149,6228],[3355,6052],[3435,6019],[3566,6090],[3595,5858],[3622,5817],[3647,5678],[3701,5540],[3774,5439],[3945,5261],[4092,5129],[4266,5085],[4498,4996],[4680,4999],[4768,4935],[4855,4759],[4818,4730],[4896,4692],[4976,4687]]]}},{"type":"Feature","id":"IQ.AR","properties":{"hc-group":"admin1","hc-middle-x":0.48,"hc-middle-y":0.59,"hc-key":"iq-ar","hc-a2":"AR","labelrank":"5","hasc":"IQ.AR","alt-name":"Arbela|Erbil|Irbil","woe-id":"2345843","subregion":null,"fips":"IZ11","postal-code":"AR","name":"Arbil","country":"Iraq","type-en":"Province","region":"Kurdistan","longitude":"44.1806","woe-name":"Arbil","latitude":"36.2371","woe-label":"Arbil, IQ, Iraq","type":"Muhafazah"},"geometry":{"type":"Polygon","coordinates":[[[5811,8704],[5760,8643],[5678,8657],[5484,8604],[5437,8616],[5382,8584],[5315,8513],[5320,8470],[5381,8377],[5420,8384],[5481,8299],[5396,8225],[5406,8196],[5559,8093],[5637,7999],[5768,7914],[5764,7875],[5647,7888],[5621,7840],[5558,7866],[5405,7882],[5392,7911],[5317,7836],[5240,7861],[5142,7815],[5090,7829],[5053,7804],[4937,7832],[4894,7819],[4869,7759],[4797,7747],[4685,7828],[4634,7806],[4491,7669],[4524,7579],[4485,7535],[4460,7448],[4380,7408],[4320,7406],[4273,7333],[4151,7295],[4049,7337],[4072,7404],[4069,7506],[4014,7634],[4029,7683],[4014,7758],[4086,7858],[4093,7982],[4062,7984],[4054,8042],[4192,8098],[4263,8264],[4390,8412],[4475,8472],[4546,8581],[4540,8629],[4592,8645],[4597,8704],[4640,8704],[4746,8820],[4810,8833],[4890,8818],[4977,8878],[5062,8981],[5026,9064],[4895,9134],[4812,9160],[4752,9256],[4680,9312],[4573,9359],[4634,9424],[4698,9455],[4807,9544],[4858,9612],[4828,9751],[4949,9705],[4989,9672],[5015,9590],[5006,9546],[4952,9509],[4942,9454],[4998,9318],[5074,9309],[5113,9394],[5202,9423],[5360,9555],[5413,9571],[5522,9555],[5556,9522],[5556,9440],[5603,9391],[5676,9369],[5664,9294],[5679,9189],[5627,9120],[5624,9065],[5720,9044],[5797,8999],[5848,8878],[5811,8704]]]}},{"type":"Feature","id":"IQ.TS","properties":{"hc-group":"admin1","hc-middle-x":0.59,"hc-middle-y":0.38,"hc-key":"iq-ts","hc-a2":"TS","labelrank":"5","hasc":"IQ.TS","alt-name":"Kirkuk|Tamin","woe-id":"2345845","subregion":null,"fips":"IZ13","postal-code":"TS","name":"At-Ta'mim","country":"Iraq","type-en":"Province","region":"Iraq","longitude":"44.0354","woe-name":"At-Ta'mim","latitude":"35.3281","woe-label":"At Ta'mim, IQ, Iraq","type":"Muhafazah"},"geometry":{"type":"Polygon","coordinates":[[[4049,7337],[4151,7295],[4273,7333],[4320,7406],[4380,7408],[4460,7448],[4485,7535],[4524,7579],[4491,7669],[4634,7806],[4685,7828],[4797,7747],[4869,7759],[4894,7819],[4937,7832],[5053,7804],[5090,7829],[5142,7815],[5240,7861],[5317,7836],[5392,7911],[5405,7882],[5463,7753],[5564,7646],[5537,7419],[5590,7339],[5527,7206],[5541,7145],[5515,7066],[5469,7021],[5463,6961],[5379,6935],[5332,6895],[5285,6859],[5290,6731],[5231,6693],[5159,6603],[5148,6548],[5079,6454],[5091,6379],[5035,6343],[4864,6497],[4799,6538],[4634,6608],[4187,6881],[4072,7029],[4114,7084],[4037,7105],[4060,7172],[3953,7277],[3959,7349],[4011,7297],[4049,7337]]]}},{"type":"Feature","id":"IQ.DA","properties":{"hc-group":"admin1","hc-middle-x":0.33,"hc-middle-y":0.47,"hc-key":"iq-da","hc-a2":"DA","labelrank":"5","hasc":"IQ.DA","alt-name":"Dahuk|D'hok","woe-id":"2345840","subregion":null,"fips":"IZ08","postal-code":"DA","name":"Dihok","country":"Iraq","type-en":"Province","region":"Kurdistan","longitude":"43.2281","woe-name":"Dihok","latitude":"37.0875","woe-label":"Dahuk, IQ, Iraq","type":"Muhafazah"},"geometry":{"type":"Polygon","coordinates":[[[3053,9451],[3034,9515],[3249,9557],[3266,9600],[3401,9788],[3423,9831],[3475,9851],[3518,9813],[3646,9776],[3801,9837],[3851,9834],[3987,9757],[4063,9769],[4211,9666],[4277,9677],[4356,9643],[4515,9639],[4556,9604],[4644,9637],[4746,9750],[4828,9751],[4858,9612],[4807,9544],[4698,9455],[4634,9424],[4573,9359],[4390,9405],[4375,9315],[4459,9285],[4434,9147],[4381,9119],[4208,9165],[4079,9260],[4022,9259],[3935,9146],[3910,9073],[3859,9045],[3678,9026],[3532,8958],[3374,9101],[3275,9098],[3212,9188],[3182,9265],[3187,9332],[3148,9309],[3090,9363],[3053,9451]]]}},{"type":"Feature","id":"IQ.NI","properties":{"hc-group":"admin1","hc-middle-x":0.38,"hc-middle-y":0.47,"hc-key":"iq-ni","hc-a2":"NI","labelrank":"5","hasc":"IQ.NI","alt-name":"Al-Mawsil|Mosul|Ninive|N¡nive|Nineveh|Niniveh","woe-id":"2345847","subregion":null,"fips":"IZ15","postal-code":"NI","name":"Ninawa","country":"Iraq","type-en":"Province","region":"Iraq","longitude":"42.7469","woe-name":"Ninawa","latitude":"35.9228","woe-label":"Ninawa, IQ, Iraq","type":"Muhafazah"},"geometry":{"type":"Polygon","coordinates":[[[4573,9359],[4680,9312],[4752,9256],[4812,9160],[4895,9134],[5026,9064],[5062,8981],[4977,8878],[4890,8818],[4810,8833],[4746,8820],[4640,8704],[4597,8704],[4592,8645],[4540,8629],[4546,8581],[4475,8472],[4390,8412],[4263,8264],[4192,8098],[4054,8042],[4062,7984],[4093,7982],[4086,7858],[4014,7758],[4029,7683],[3946,7596],[3819,7537],[3689,7451],[3558,7397],[3542,7277],[3552,7224],[3605,7164],[3639,7091],[3631,7018],[3691,6955],[3698,6887],[3644,6867],[3262,6872],[3138,6848],[3109,6722],[2874,6696],[2785,6734],[2564,6725],[2134,6914],[1884,6986],[1724,7005],[1737,7115],[1788,7274],[1813,7440],[1904,7567],[1929,7646],[1931,7826],[1917,7911],[1816,8157],[1813,8201],[1869,8562],[1968,8740],[2022,8782],[2420,8851],[2477,8886],[2951,9365],[3053,9451],[3090,9363],[3148,9309],[3187,9332],[3182,9265],[3212,9188],[3275,9098],[3374,9101],[3532,8958],[3678,9026],[3859,9045],[3910,9073],[3935,9146],[4022,9259],[4079,9260],[4208,9165],[4381,9119],[4434,9147],[4459,9285],[4375,9315],[4390,9405],[4573,9359]]]}}]}