{"title":"Jordan","version":"1.1.2","type":"FeatureCollection","copyright":"Copyright (c) 2015 Highsoft AS, Based on data from Natural Earth","copyrightShort":"Natural Earth","copyrightUrl":"http://www.naturalearthdata.com","crs":{"type":"name","properties":{"name":"urn:ogc:def:crs:EPSG:3066"}},"hc-transform":{"default":{"crs":"+proj=tmerc +lat_0=0 +lon_0=37 +k=0.9998 +x_0=500000 +y_0=-3000000 +ellps=intl +towgs84=-87,-98,-121,0,0,0,0 +units=m +no_defs","scale":0.00150678461816,"jsonres":15.5,"jsonmarginX":-999,"jsonmarginY":9851.0,"xoffset":300912.110523,"yoffset":694809.719117}},
"features":[{"type":"Feature","id":"JO.MA","properties":{"hc-group":"admin1","hc-middle-x":0.79,"hc-middle-y":0.47,"hc-key":"jo-ma","hc-a2":"MA","labelrank":"7","hasc":"JO.MA","alt-name":null,"woe-id":"2345930","subregion":null,"fips":"JO15","postal-code":"MA","name":"Mafraq","country":"Jordan","type-en":"Province","region":null,"longitude":"37.6195","woe-name":"Mafraq","latitude":"32.2481","woe-label":"Al Mafraq, JO, Jordan","type":"Muhafazah"},"geometry":{"type":"Polygon","coordinates":[[[1637,7612],[1750,7621],[1799,7607],[1847,7638],[1941,7553],[2082,7455],[2274,7271],[2350,7239],[2473,7226],[2509,7203],[2890,7155],[2969,7095],[3055,7116],[3195,7078],[3254,7087],[3608,7328],[3944,7547],[5958,8852],[6980,9512],[7508,9851],[7792,8878],[8166,7596],[7995,7538],[8112,7159],[8152,7108],[8566,7231],[8612,7206],[8646,7127],[8696,6953],[8641,6870],[8381,6639],[8060,6325],[7984,6291],[5754,5614],[5337,5485],[2588,6433],[2511,6478],[2403,6565],[2243,6574],[2163,6531],[2096,6541],[1969,6614],[1880,6623],[1783,6596],[1719,6603],[1638,6662],[1514,6622],[1481,6656],[1500,6732],[1429,6786],[1337,6957],[1459,7109],[1491,7172],[1505,7252],[1488,7341],[1519,7367],[1646,7332],[1662,7399],[1637,7612]]]}},{"type":"Feature","id":"JO.IR","properties":{"hc-group":"admin1","hc-middle-x":0.51,"hc-middle-y":0.43,"hc-key":"jo-ir","hc-a2":"IR","labelrank":"7","hasc":"JO.IR","alt-name":null,"woe-id":"20070291","subregion":null,"fips":"JO18","postal-code":"IR","name":"Irbid","country":"Jordan","type-en":"Province","region":null,"longitude":"35.8195","woe-name":"Irbid","latitude":"32.5559","woe-label":"Irbid, JO, Jordan","type":"Muhafazah"},"geometry":{"type":"Polygon","coordinates":[[[479,6780],[510,6902],[493,6970],[469,7258],[499,7240],[455,7348],[484,7370],[471,7417],[517,7489],[489,7505],[535,7576],[475,7649],[504,7648],[525,7770],[496,7926],[502,7956],[612,8051],[664,8044],[773,8126],[894,8200],[959,8219],[999,8183],[1234,8126],[1292,8075],[1331,8071],[1324,8023],[1363,7980],[1469,7973],[1473,7850],[1590,7656],[1603,7615],[1637,7612],[1662,7399],[1646,7332],[1519,7367],[1488,7341],[1505,7252],[1491,7172],[1350,7196],[1245,7156],[1155,7259],[1121,7321],[1063,7274],[927,7266],[807,7216],[682,7205],[644,7138],[608,6976],[611,6937],[659,6802],[647,6761],[494,6782],[479,6780]]]}},{"type":"Feature","id":"JO.AJ","properties":{"hc-group":"admin1","hc-middle-x":0.43,"hc-middle-y":0.42,"hc-key":"jo-aj","hc-a2":"AJ","labelrank":"7","hasc":"JO.AJ","alt-name":"Ajloan|`Ajlun","woe-id":"20070293","subregion":null,"fips":"JO20","postal-code":"AJ","name":"Ajlun","country":"Jordan","type-en":"Province","region":null,"longitude":"35.761","woe-name":"Ajlun","latitude":"32.2932","woe-label":"`Ajlun, JO, Jordan","type":"Muhafazah"},"geometry":{"type":"Polygon","coordinates":[[[647,6761],[659,6802],[611,6937],[608,6976],[644,7138],[682,7205],[807,7216],[927,7266],[1063,7274],[1121,7321],[1155,7259],[1245,7156],[1139,7098],[1104,7064],[1051,6964],[1040,6880],[1020,6857],[869,6791],[776,6688],[682,6716],[647,6761]]]}},{"type":"Feature","id":"JO.JA","properties":{"hc-group":"admin1","hc-middle-x":0.63,"hc-middle-y":0.52,"hc-key":"jo-ja","hc-a2":"JA","labelrank":"7","hasc":"JO.JA","alt-name":null,"woe-id":"20070292","subregion":null,"fips":"JO22","postal-code":"JA","name":"Jarash","country":"Jordan","type-en":"Province","region":null,"longitude":"35.856","woe-name":"Jarash","latitude":"32.2186","woe-label":"Jarash, JO, Jordan","type":"Muhafazah"},"geometry":{"type":"Polygon","coordinates":[[[1491,7172],[1459,7109],[1337,6957],[1429,6786],[1391,6689],[1301,6636],[1218,6526],[1096,6635],[1022,6657],[831,6654],[776,6688],[869,6791],[1020,6857],[1040,6880],[1051,6964],[1104,7064],[1139,7098],[1245,7156],[1350,7196],[1491,7172]]]}},{"type":"Feature","id":"JO.BA","properties":{"hc-group":"admin1","hc-middle-x":0.37,"hc-middle-y":0.33,"hc-key":"jo-ba","hc-a2":"BA","labelrank":"7","hasc":"JO.BA","alt-name":"Al Balqa'|Balka|Belga","woe-id":"2345927","subregion":null,"fips":"JO02","postal-code":"BA","name":"Balqa","country":"Jordan","type-en":"Province","region":null,"longitude":"35.7216","woe-name":"Balqa","latitude":"31.8345","woe-label":"Al Balqa', JO, Jordan","type":"Muhafazah"},"geometry":{"type":"Polygon","coordinates":[[[647,6761],[682,6716],[776,6688],[831,6654],[1022,6657],[1096,6635],[1218,6526],[1230,6459],[1316,6396],[1251,6376],[1181,6309],[1063,6265],[929,6122],[873,6082],[744,6018],[694,5960],[714,5918],[817,5888],[833,5852],[794,5700],[679,5670],[638,5636],[574,5501],[497,5461],[527,5589],[524,5647],[464,5680],[420,5820],[444,5871],[393,6079],[429,6112],[419,6257],[396,6319],[394,6438],[444,6513],[423,6575],[478,6689],[479,6780],[494,6782],[647,6761]]]}},{"type":"Feature","id":"JO.MD","properties":{"hc-group":"admin1","hc-middle-x":0.48,"hc-middle-y":0.52,"hc-key":"jo-md","hc-a2":"MD","labelrank":"7","hasc":"JO.MD","alt-name":null,"woe-id":"20070288","subregion":null,"fips":"JO23","postal-code":"MD","name":"Madaba","country":"Jordan","type-en":"Province","region":null,"longitude":"35.6722","woe-name":"Madaba","latitude":"31.5852","woe-label":"Madaba, JO, Jordan","type":"Muhafazah"},"geometry":{"type":"Polygon","coordinates":[[[462,4819],[482,4910],[475,4984],[446,5092],[497,5461],[574,5501],[638,5636],[679,5670],[794,5700],[878,5720],[989,5719],[1051,5739],[1082,5721],[1085,5533],[1017,5421],[1016,5373],[1049,5265],[1144,5160],[1149,5064],[1177,4998],[1130,4926],[1091,4809],[1027,4742],[927,4766],[805,4761],[736,4740],[663,4749],[462,4819]]]}},{"type":"Feature","id":"JO.KA","properties":{"hc-group":"admin1","hc-middle-x":0.58,"hc-middle-y":0.47,"hc-key":"jo-ka","hc-a2":"KA","labelrank":"7","hasc":"JO.KA","alt-name":"Al Karak|Kerak","woe-id":"2345929","subregion":null,"fips":"JO09","postal-code":"KA","name":"Karak","country":"Jordan","type-en":"Province","region":null,"longitude":"35.7693","woe-name":"Karak","latitude":"31.1753","woe-label":"Al Karak, JO, Jordan","type":"Muhafazah"},"geometry":{"type":"Polygon","coordinates":[[[-38,3504],[49,3608],[65,3765],[156,3939],[277,3929],[350,3985],[319,4060],[381,4138],[371,4188],[259,4246],[140,4353],[94,4300],[83,4370],[144,4487],[148,4542],[189,4536],[300,4650],[342,4651],[325,4493],[370,4502],[423,4558],[418,4615],[462,4819],[663,4749],[736,4740],[805,4761],[927,4766],[1027,4742],[1080,4646],[1100,4563],[1062,4401],[1092,4350],[1765,4328],[1800,4074],[1851,3929],[1735,3568],[1469,3083],[1374,3180],[1280,3251],[1199,3344],[1119,3382],[1040,3470],[684,3617],[494,3629],[407,3685],[285,3691],[250,3665],[216,3545],[200,3440],[160,3400],[90,3412],[-38,3504]]]}},{"type":"Feature","id":"JO.AZ","properties":{"hc-group":"admin1","hc-middle-x":0.45,"hc-middle-y":0.51,"hc-key":"jo-az","hc-a2":"AZ","labelrank":"7","hasc":"JO.AZ","alt-name":"Az Zarqa'","woe-id":"2345933","subregion":null,"fips":"JO13","postal-code":"AZ","name":"Zarqa","country":"Jordan","type-en":"Province","region":null,"longitude":"36.8284","woe-name":"Zarqa","latitude":"31.8095","woe-label":"Az Zarqa, JO, Jordan","type":"Muhafazah"},"geometry":{"type":"Polygon","coordinates":[[[1316,6396],[1230,6459],[1218,6526],[1301,6636],[1391,6689],[1429,6786],[1500,6732],[1481,6656],[1514,6622],[1638,6662],[1719,6603],[1783,6596],[1880,6623],[1969,6614],[2096,6541],[2163,6531],[2243,6574],[2403,6565],[2511,6478],[2588,6433],[5337,5485],[4659,5278],[3647,4974],[3639,4978],[3019,5612],[2940,5611],[2835,5547],[2742,5565],[2646,5631],[2547,5724],[2474,5821],[2494,5868],[2606,5947],[2623,6019],[2560,6102],[2436,6240],[2344,6299],[2111,6321],[2064,6311],[1995,6238],[1921,6212],[1779,6214],[1564,6148],[1492,6189],[1316,6396]]]}},{"type":"Feature","id":"JO.AQ","properties":{"hc-group":"admin1","hc-middle-x":0.46,"hc-middle-y":0.72,"hc-key":"jo-aq","hc-a2":"AQ","labelrank":"7","hasc":"JO.AQ","alt-name":"Al `Aqabah","woe-id":"20070290","subregion":null,"fips":"JO21","postal-code":"AQ","name":"Aqaba","country":"Jordan","type-en":"Province","region":null,"longitude":"35.3449","woe-name":"Aqaba","latitude":"29.6276","woe-label":"Al `Aqabah, JO, Jordan","type":"Muhafazah"},"geometry":{"type":"Polygon","coordinates":[[[791,-885],[-999,-549],[-969,-529],[-950,-293],[-933,-225],[-882,-120],[-883,-79],[-976,-12],[-947,114],[-894,227],[-879,372],[-861,436],[-752,717],[-737,927],[-689,1080],[-659,1212],[-561,1355],[-523,1442],[-521,1523],[-565,1682],[-522,1935],[-480,2021],[-480,2094],[-522,2174],[-521,2236],[-367,2718],[-232,2982],[15,2799],[68,2716],[176,2687],[161,2526],[112,2321],[8,2007],[9,1716],[-11,1641],[-146,1383],[-180,1187],[-142,1082],[-94,1029],[-27,998],[159,1016],[226,1002],[312,961],[395,878],[428,826],[543,556],[683,-41],[786,-862],[791,-885]]]}},{"type":"Feature","id":"JO.MN","properties":{"hc-group":"admin1","hc-middle-x":0.49,"hc-middle-y":0.42,"hc-key":"jo-mn","hc-a2":"MN","labelrank":"7","hasc":"JO.MN","alt-name":null,"woe-id":"2345928","subregion":null,"fips":"JO19","postal-code":"MN","name":"Ma`an","country":"Jordan","type-en":"Province","region":null,"longitude":"36.6401","woe-name":"Ma`an","latitude":"30.492","woe-label":"Ma'an, JO, Jordan","type":"Muhafazah"},"geometry":{"type":"Polygon","coordinates":[[[4145,4318],[4722,3698],[5851,2391],[5833,2378],[5157,1993],[5076,1902],[4759,1120],[4711,1076],[3101,741],[3039,710],[2985,652],[2467,-217],[1538,-974],[1418,-999],[791,-885],[786,-862],[683,-41],[543,556],[428,826],[395,878],[312,961],[226,1002],[159,1016],[-27,998],[-94,1029],[-142,1082],[-180,1187],[-146,1383],[-11,1641],[9,1716],[8,2007],[112,2321],[161,2526],[176,2687],[357,2671],[580,2676],[656,2668],[865,2694],[1025,2730],[1107,2790],[1214,2769],[1296,2799],[1469,3083],[1735,3568],[1851,3929],[1800,4074],[1765,4328],[4145,4318]]]}},{"type":"Feature","id":"JO.AM","properties":{"hc-group":"admin1","hc-middle-x":0.36,"hc-middle-y":0.52,"hc-key":"jo-am","hc-a2":"AM","labelrank":"7","hasc":"JO.AM","alt-name":"Ama","woe-id":"20070289","subregion":null,"fips":"JO16","postal-code":"AM","name":"Amman","country":"Jordan","type-en":"Province","region":null,"longitude":"36.4418","woe-name":"Amman","latitude":"31.6211","woe-label":"'Amman, JO, Jordan","type":"Muhafazah"},"geometry":{"type":"Polygon","coordinates":[[[1765,4328],[1092,4350],[1062,4401],[1100,4563],[1080,4646],[1027,4742],[1091,4809],[1130,4926],[1177,4998],[1149,5064],[1144,5160],[1049,5265],[1016,5373],[1017,5421],[1085,5533],[1082,5721],[1051,5739],[989,5719],[878,5720],[794,5700],[833,5852],[817,5888],[714,5918],[694,5960],[744,6018],[873,6082],[929,6122],[1063,6265],[1181,6309],[1251,6376],[1316,6396],[1492,6189],[1564,6148],[1779,6214],[1921,6212],[1995,6238],[2064,6311],[2111,6321],[2344,6299],[2436,6240],[2560,6102],[2623,6019],[2606,5947],[2494,5868],[2474,5821],[2547,5724],[2646,5631],[2742,5565],[2835,5547],[2940,5611],[3019,5612],[3639,4978],[3647,4974],[3562,4948],[4145,4318],[1765,4328]]]}},{"type":"Feature","id":"JO.AT","properties":{"hc-group":"admin1","hc-middle-x":0.51,"hc-middle-y":0.58,"hc-key":"jo-at","hc-a2":"AT","labelrank":"7","hasc":"JO.AT","alt-name":"At Tafilah|Tafela|Tafileh","woe-id":"2345932","subregion":null,"fips":"JO12","postal-code":"AT","name":"Tafilah","country":"Jordan","type-en":"Province","region":null,"longitude":"35.6436","woe-name":"Tafilah","latitude":"30.7879","woe-label":"At Tafilah, JO, Jordan","type":"Muhafazah"},"geometry":{"type":"Polygon","coordinates":[[[176,2687],[68,2716],[15,2799],[-232,2982],[-179,3169],[-123,3222],[-101,3304],[-95,3420],[-38,3504],[90,3412],[160,3400],[200,3440],[216,3545],[250,3665],[285,3691],[407,3685],[494,3629],[684,3617],[1040,3470],[1119,3382],[1199,3344],[1280,3251],[1374,3180],[1469,3083],[1296,2799],[1214,2769],[1107,2790],[1025,2730],[865,2694],[656,2668],[580,2676],[357,2671],[176,2687]]]}}]}