{"title":"Saint Lucia","version":"1.1.2","type":"FeatureCollection","copyright":"Copyright (c) 2015 Highsoft AS, Based on data from Natural Earth","copyrightShort":"Natural Earth","copyrightUrl":"http://www.naturalearthdata.com","crs":{"type":"name","properties":{"name":"urn:ogc:def:crs:EPSG:32620"}},"hc-transform":{"default":{"crs":"+proj=utm +zone=20 +datum=WGS84 +units=m +no_defs","scale":0.0159180488054,"jsonres":15.5,"jsonmarginX":-999,"jsonmarginY":9851.0,"xoffset":707644.067718,"yoffset":1561081.44515}},
"features":[{"type":"Feature","id":"LC.6591","properties":{"hc-group":"admin1","hc-middle-x":0.48,"hc-middle-y":0.56,"hc-key":"lc-6591","hc-a2":"CH","labelrank":"20","hasc":"LC.CS","alt-name":null,"woe-id":"2347026","subregion":null,"fips":"ST04","postal-code":null,"name":"Choiseul","country":"Saint Lucia","type-en":"Quarter","region":null,"longitude":"-61.0296","woe-name":"Choiseul","latitude":"13.7912","woe-label":"Choiseul, LC, St. Lucia","type":"Quarter"},"geometry":{"type":"Polygon","coordinates":[[[618,122],[-164,418],[-616,950],[-702,1092],[-210,1482],[423,1795],[1323,2145],[1597,2301],[1615,2166],[1490,2084],[1407,1853],[1085,1101],[799,523],[618,122]]]}},{"type":"Feature","id":"LC.6585","properties":{"hc-group":"admin1","hc-middle-x":0.52,"hc-middle-y":0.55,"hc-key":"lc-6585","hc-a2":"DA","labelrank":"20","hasc":"LC.","alt-name":null,"woe-id":"2347024","subregion":null,"fips":null,"postal-code":null,"name":"Dauphin","country":"Saint Lucia","type-en":"Quarter","region":null,"longitude":"-60.9062","woe-name":"Dauphin","latitude":"14.0176","woe-label":"Dauphin, LC, St. Lucia","type":"Quarter"},"geometry":{"type":"Polygon","coordinates":[[[3688,8808],[3905,8572],[3982,8233],[4083,7082],[4193,6279],[3693,6340],[3192,6302],[2658,6229],[2751,7051],[2781,7286],[2845,7804],[2975,8250],[3306,8561],[3688,8808]]]}},{"type":"Feature","id":"LC.6586","properties":{"hc-group":"admin1","hc-middle-x":0.52,"hc-middle-y":0.53,"hc-key":"lc-6586","hc-a2":"DE","labelrank":"20","hasc":"LC.DE","alt-name":null,"woe-id":"2347027","subregion":null,"fips":"ST05","postal-code":null,"name":"Dennery","country":"Saint Lucia","type-en":"Quarter","region":null,"longitude":"-60.9052","woe-name":"Dennery","latitude":"13.9425","woe-label":"Dennery, LC, St. Lucia","type":"Quarter"},"geometry":{"type":"Polygon","coordinates":[[[4193,6279],[4197,5563],[4016,4307],[3578,4218],[3179,4009],[2710,4176],[2142,4068],[2236,4822],[2497,5543],[2658,6229],[3192,6302],[3693,6340],[4193,6279]]]}},{"type":"Feature","id":"LC.3607","properties":{"hc-group":"admin1","hc-middle-x":0.43,"hc-middle-y":0.52,"hc-key":"lc-3607","hc-a2":"GI","labelrank":"20","hasc":"LC.GI","alt-name":null,"woe-id":"2347028","subregion":null,"fips":"ST06","postal-code":null,"name":"Gros Islet","country":"Saint Lucia","type-en":"Quarter","region":null,"longitude":"-60.9446","woe-name":"Gros Islet","latitude":"14.0664","woe-label":"Gros Islet, LC, St. Lucia","type":"Quarter"},"geometry":{"type":"Polygon","coordinates":[[[1592,7974],[1692,8457],[1796,8647],[2440,9586],[2815,9851],[3331,9687],[3216,9215],[3396,8972],[3688,8808],[3306,8561],[2975,8250],[2845,7804],[2781,7286],[2180,7388],[1977,7728],[1592,7974]]]}},{"type":"Feature","id":"LC.6590","properties":{"hc-group":"admin1","hc-middle-x":0.57,"hc-middle-y":0.55,"hc-key":"lc-6590","hc-a2":"LA","labelrank":"20","hasc":"LC.LB","alt-name":null,"woe-id":"2347029","subregion":null,"fips":"ST07","postal-code":null,"name":"Laborie","country":"Saint Lucia","type-en":"Quarter","region":null,"longitude":"-60.9867","woe-name":"Laborie","latitude":"13.7676","woe-label":"Laborie, LC, St. Lucia","type":"Quarter"},"geometry":{"type":"Polygon","coordinates":[[[2008,-566],[1838,-339],[618,122],[799,523],[1085,1101],[1407,1853],[1490,2084],[1615,2166],[1631,2047],[1728,1692],[1911,1079],[2084,668],[2116,111],[2129,-263],[2008,-566]]]}},{"type":"Feature","id":"LC.6588","properties":{"hc-group":"admin1","hc-middle-x":0.59,"hc-middle-y":0.38,"hc-key":"lc-6588","hc-a2":"MI","labelrank":"20","hasc":"LC.MI","alt-name":null,"woe-id":"2347030","subregion":null,"fips":"ST08","postal-code":null,"name":"Micoud","country":"Saint Lucia","type-en":"Quarter","region":null,"longitude":"-60.918","woe-name":"Micoud","latitude":"13.8159","woe-label":"Micoud, LC, St. Lucia","type":"Quarter"},"geometry":{"type":"Polygon","coordinates":[[[3982,2252],[3662,912],[3592,723],[3512,689],[3307,629],[3004,1030],[2667,1404],[2127,1981],[1766,2397],[2055,2562],[2624,2430],[3362,2231],[3982,2252]]]}},{"type":"Feature","id":"LC.6587","properties":{"hc-group":"admin1","hc-middle-x":0.51,"hc-middle-y":0.53,"hc-key":"lc-6587","hc-a2":"PR","labelrank":"20","hasc":"LC.","alt-name":null,"woe-id":"2347033","subregion":null,"fips":null,"postal-code":null,"name":"Praslin","country":"Saint Lucia","type-en":"Quarter","region":null,"longitude":"-60.918","woe-name":"Praslin","latitude":"13.8674","woe-label":"Praslin, LC, St. Lucia","type":"Quarter"},"geometry":{"type":"Polygon","coordinates":[[[2142,4068],[2710,4176],[3179,4009],[3578,4218],[4016,4307],[3894,3456],[3982,2252],[3362,2231],[2624,2430],[2055,2562],[2149,3213],[2147,3487],[2142,4068]]]}},{"type":"Feature","id":"LC.6592","properties":{"hc-group":"admin1","hc-middle-x":0.33,"hc-middle-y":0.43,"hc-key":"lc-6592","hc-a2":"SO","labelrank":"20","hasc":"LC.CO","alt-name":null,"woe-id":"2347031","subregion":null,"fips":"ST09","postal-code":null,"name":"Soufrière","country":"Saint Lucia","type-en":"Quarter","region":null,"longitude":"-61.0447","woe-name":"Soufriere","latitude":"13.8545","woe-label":"Soufriere, LC, St. Lucia","type":"Quarter"},"geometry":{"type":"Polygon","coordinates":[[[2147,3487],[2149,3213],[2055,2562],[1766,2397],[1597,2301],[1323,2145],[423,1795],[-210,1482],[-702,1092],[-866,1270],[-972,1476],[-790,1905],[-763,2182],[-796,2719],[-840,2894],[-917,3031],[-986,3204],[-999,3482],[-932,3771],[-695,4282],[-400,4287],[2,4187],[439,3883],[812,3270],[1348,3138],[1547,3345],[1609,3858],[1845,3587],[2147,3487]]]}},{"type":"Feature","id":"LC.6589","properties":{"hc-group":"admin1","hc-middle-x":0.54,"hc-middle-y":0.57,"hc-key":"lc-6589","hc-a2":"VF","labelrank":"20","hasc":"LC.VF","alt-name":null,"woe-id":"2347032","subregion":null,"fips":"ST10","postal-code":null,"name":"Vieux Fort","country":"Saint Lucia","type-en":"Quarter","region":null,"longitude":"-60.9438","woe-name":"Vieux Fort","latitude":"13.7762","woe-label":"Vieux Fort, LC, St. Lucia","type":"Quarter"},"geometry":{"type":"Polygon","coordinates":[[[3307,629],[3179,593],[3065,516],[2944,253],[2712,-792],[2547,-953],[2465,-998],[2332,-999],[2008,-566],[2129,-263],[2116,111],[2084,668],[1911,1079],[1728,1692],[1631,2047],[1615,2166],[1597,2301],[1766,2397],[2127,1981],[2667,1404],[3004,1030],[3307,629]]]}},{"type":"Feature","id":"LC.6593","properties":{"hc-group":"admin1","hc-middle-x":0.64,"hc-middle-y":0.48,"hc-key":"lc-6593","hc-a2":"AL","labelrank":"20","hasc":"LC.AR","alt-name":null,"woe-id":"2347023","subregion":null,"fips":"SF01","postal-code":null,"name":"Anse-la-Raye","country":"Saint Lucia","type-en":"Quarter","region":null,"longitude":"-61.0189","woe-name":"Ansela-Raye","latitude":"13.935","woe-label":"Ansela-Raye, LC, St. Lucia","type":"Quarter"},"geometry":{"type":"Polygon","coordinates":[[[-695,4282],[-645,4509],[-503,4890],[128,5815],[361,6430],[820,6281],[1289,6183],[1492,5842],[1563,5295],[1602,4714],[1609,3858],[1547,3345],[1348,3138],[812,3270],[439,3883],[2,4187],[-400,4287],[-695,4282]]]}},{"type":"Feature","id":"LC.6594","properties":{"hc-group":"admin1","hc-middle-x":0.56,"hc-middle-y":0.27,"hc-key":"lc-6594","hc-a2":"CA","labelrank":"20","hasc":"LC.CN","alt-name":null,"woe-id":"2347025","subregion":null,"fips":"ST03","postal-code":null,"name":"Castries","country":"Saint Lucia","type-en":"Quarter","region":null,"longitude":"-60.9749","woe-name":"Castries","latitude":"14.0004","woe-label":"Castries, LC, St. Lucia","type":"Quarter"},"geometry":{"type":"Polygon","coordinates":[[[1609,3858],[1602,4714],[1563,5295],[1492,5842],[1289,6183],[820,6281],[361,6430],[1002,7412],[1140,7523],[1399,7672],[1530,7804],[1592,7974],[1977,7728],[2180,7388],[2781,7286],[2751,7051],[2658,6229],[2497,5543],[2236,4822],[2142,4068],[2147,3487],[1845,3587],[1609,3858]]]}}]}