{"title":"Liechtenstein","version":"1.1.2","type":"FeatureCollection","copyright":"Copyright (c) 2015 Highsoft AS, Based on data from Natural Earth","copyrightShort":"Natural Earth","copyrightUrl":"http://www.naturalearthdata.com","crs":{"type":"name","properties":{"name":"urn:ogc:def:crs:EPSG:32632"}},"hc-transform":{"default":{"crs":"+proj=utm +zone=32 +datum=WGS84 +units=m +no_defs","scale":0.0299645882336,"jsonres":15.5,"jsonmarginX":-999,"jsonmarginY":9851.0,"xoffset":536130.038626,"yoffset":5234500.60508}},
"features":[{"type":"Feature","id":"LI.6425","properties":{"hc-group":"admin1","hc-middle-x":0.35,"hc-middle-y":0.47,"hc-key":"li-6425","hc-a2":"MA","labelrank":"20","hasc":"LI.MA","alt-name":null,"woe-id":"20070538","subregion":null,"fips":"LS04","postal-code":null,"name":"Mauren","country":"Liechtenstein","type-en":null,"region":null,"longitude":"9.53828","woe-name":"Mauren","latitude":"47.2214","woe-label":"Mauren, LI, Liechtenstein","type":null},"geometry":{"type":"Polygon","coordinates":[[[1314,8412],[1219,8117],[1379,7664],[1716,7217],[1289,7173],[681,7484],[502,7914],[851,8260],[1314,8412]]]}},{"type":"Feature","id":"LI.6426","properties":{"hc-group":"admin1","hc-middle-x":0.36,"hc-middle-y":0.22,"hc-key":"li-6426","hc-a2":"PL","labelrank":"20","hasc":"LI.PL","alt-name":null,"woe-id":"20070536","subregion":null,"fips":"LS05","postal-code":null,"name":"Planken","country":"Liechtenstein","type-en":null,"region":null,"longitude":"9.5494","woe-name":"Planken","latitude":"47.1875","woe-label":"Planken, LI, Liechtenstein","type":null},"geometry":{"type":"MultiPolygon","coordinates":[[[[1653,4908],[2185,4599],[2056,3934],[1780,4220],[1522,4591],[1653,4908]]],[[[1990,6135],[1646,5356],[1262,5450],[868,5878],[904,6338],[1215,6598],[1626,6486],[1990,6135]]]]}},{"type":"Feature","id":"LI.6427","properties":{"hc-group":"admin1","hc-middle-x":0.37,"hc-middle-y":0.57,"hc-key":"li-6427","hc-a2":"ES","labelrank":"20","hasc":"LI.ES","alt-name":null,"woe-id":"20070537","subregion":null,"fips":"LS02","postal-code":null,"name":"Eschen","country":"Liechtenstein","type-en":null,"region":null,"longitude":"9.53383","woe-name":"Eschen","latitude":"47.2058","woe-label":"Eschen, LI, Liechtenstein","type":null},"geometry":{"type":"Polygon","coordinates":[[[1716,7217],[2023,6503],[1990,6135],[1626,6486],[1215,6598],[904,6338],[471,6593],[137,6849],[95,7365],[248,7883],[502,7914],[681,7484],[1289,7173],[1716,7217]]]}},{"type":"Feature","id":"LI.6418","properties":{"hc-group":"admin1","hc-middle-x":0.36,"hc-middle-y":0.51,"hc-key":"li-6418","hc-a2":"TR","labelrank":"20","hasc":"LI.TN","alt-name":null,"woe-id":"20070532","subregion":null,"fips":"LS09","postal-code":null,"name":"Triesen","country":"Liechtenstein","type-en":null,"region":null,"longitude":"9.5266","woe-name":"Triesen","latitude":"47.1001","woe-label":"Triesen, LI, Liechtenstein","type":null},"geometry":{"type":"Polygon","coordinates":[[[2967,-446],[2721,-763],[1997,-999],[1026,-844],[989,-493],[888,-64],[650,337],[628,767],[274,851],[-55,1170],[276,1861],[250,2962],[789,3036],[1006,2750],[1049,2234],[1151,1603],[1526,1319],[1840,1263],[1980,891],[1766,574],[1985,202],[2338,205],[2374,578],[2235,864],[2765,782],[2828,180],[2967,-446]]]}},{"type":"Feature","id":"LI.3644","properties":{"hc-group":"admin1","hc-middle-x":0.28,"hc-middle-y":0.41,"hc-key":"li-3644","hc-a2":"TR","labelrank":"20","hasc":"LI.TB","alt-name":null,"woe-id":"20070534","subregion":null,"fips":"LS10","postal-code":null,"name":"Triesenberg","country":"Liechtenstein","type-en":null,"region":null,"longitude":"9.548579999999999","woe-name":"Triesenberg","latitude":"47.1284","woe-label":"Triesenberg, LI, Liechtenstein","type":null},"geometry":{"type":"MultiPolygon","coordinates":[[[[1980,891],[1840,1263],[1526,1319],[1151,1603],[1049,2234],[1006,2750],[789,3036],[804,3667],[940,3812],[1312,3814],[1428,4131],[1522,4591],[1780,4220],[2056,3934],[1981,3389],[2296,3161],[2437,2674],[2521,1900],[2247,1840],[2270,1353],[2235,864],[1980,891]]],[[[3862,2024],[3918,1821],[3685,478],[3557,313],[3394,557],[3292,987],[3309,1418],[3069,2047],[3363,2021],[3862,2024]]]]}},{"type":"Feature","id":"LI.6419","properties":{"hc-group":"admin1","hc-middle-x":0.21,"hc-middle-y":0.82,"hc-key":"li-6419","hc-a2":"BA","labelrank":"20","hasc":"LI.BA","alt-name":null,"woe-id":"20070533","subregion":null,"fips":"LS01","postal-code":null,"name":"Balzers","country":"Liechtenstein","type-en":null,"region":null,"longitude":"9.506030000000001","woe-name":"Balzers","latitude":"47.0701","woe-label":"Balzers, LI, Liechtenstein","type":null},"geometry":{"type":"MultiPolygon","coordinates":[[[[2235,864],[2374,578],[2338,205],[1985,202],[1766,574],[1980,891],[2235,864]]],[[[1026,-844],[-160,-655],[-956,-425],[-999,56],[-591,612],[-55,1170],[274,851],[628,767],[650,337],[888,-64],[989,-493],[1026,-844]]],[[[2185,4599],[2705,4297],[3551,3135],[3693,2627],[3320,2566],[3002,3080],[2666,3451],[2390,3736],[2056,3934],[2185,4599]]]]}},{"type":"Feature","id":"LI.6420","properties":{"hc-group":"admin1","hc-middle-x":0.25,"hc-middle-y":0.21,"hc-key":"li-6420","hc-a2":"VA","labelrank":"20","hasc":"LI.VA","alt-name":null,"woe-id":"20070531","subregion":null,"fips":"LS11","postal-code":null,"name":"Vaduz","country":"Liechtenstein","type-en":null,"region":null,"longitude":"9.51826","woe-name":"Vaduz","latitude":"47.1469","woe-label":"Vaduz, LI, Liechtenstein","type":null},"geometry":{"type":"MultiPolygon","coordinates":[[[[2765,782],[2235,864],[2270,1353],[2247,1840],[2521,1900],[2854,1960],[3069,2047],[3309,1418],[3292,987],[2765,782]]],[[[1522,4591],[1428,4131],[1312,3814],[940,3812],[804,3667],[789,3036],[250,2962],[-50,3787],[-333,4330],[115,4179],[12,5011],[267,4927],[445,4612],[718,4815],[1169,4675],[1522,4591]]]]}},{"type":"Feature","id":"LI.6421","properties":{"hc-group":"admin1","hc-middle-x":0.20,"hc-middle-y":0.12,"hc-key":"li-6421","hc-a2":"SC","labelrank":"20","hasc":"LI.SN","alt-name":null,"woe-id":"20070535","subregion":null,"fips":"LS07","postal-code":null,"name":"Schaan","country":"Liechtenstein","type-en":null,"region":null,"longitude":"9.513809999999999","woe-name":"Schaan","latitude":"47.1819","woe-label":"Schaan, LI, Liechtenstein","type":null},"geometry":{"type":"MultiPolygon","coordinates":[[[[3557,313],[2967,-446],[2828,180],[2765,782],[3292,987],[3394,557],[3557,313]]],[[[3693,2627],[3862,2024],[3363,2021],[3069,2047],[2854,1960],[2521,1900],[2437,2674],[2296,3161],[1981,3389],[2056,3934],[2390,3736],[2666,3451],[3002,3080],[3320,2566],[3693,2627]]],[[[1646,5356],[1653,4908],[1522,4591],[1169,4675],[718,4815],[445,4612],[267,4927],[12,5011],[115,4179],[-333,4330],[-437,4529],[-711,5380],[-667,6443],[-191,6187],[416,6162],[904,6338],[868,5878],[1262,5450],[1646,5356]]]]}},{"type":"Feature","id":"LI.6422","properties":{"hc-group":"admin1","hc-middle-x":0.27,"hc-middle-y":0.48,"hc-key":"li-6422","hc-a2":"GA","labelrank":"20","hasc":"LI.GA","alt-name":null,"woe-id":"20070539","subregion":null,"fips":"LS03","postal-code":null,"name":"Gamprin","country":"Liechtenstein","type-en":null,"region":null,"longitude":"9.502129999999999","woe-name":"Gamprin","latitude":"47.2052","woe-label":"Gamprin, LI, Liechtenstein","type":null},"geometry":{"type":"Polygon","coordinates":[[[-667,6443],[-638,7119],[-304,8097],[-66,8025],[248,7883],[95,7365],[137,6849],[471,6593],[904,6338],[416,6162],[-191,6187],[-667,6443]]]}},{"type":"Feature","id":"LI.6423","properties":{"hc-group":"admin1","hc-middle-x":0.50,"hc-middle-y":0.57,"hc-key":"li-6423","hc-a2":"RU","labelrank":"20","hasc":"LI.RU","alt-name":null,"woe-id":"20070540","subregion":null,"fips":"LS06","postal-code":null,"name":"Ruggell","country":"Liechtenstein","type-en":null,"region":null,"longitude":"9.51882","woe-name":"Ruggell","latitude":"47.2458","woe-label":"Ruggell, LI, Liechtenstein","type":null},"geometry":{"type":"Polygon","coordinates":[[[248,7883],[-66,8025],[-304,8097],[-43,8863],[532,9851],[855,9381],[994,9254],[827,8920],[712,8575],[480,8229],[502,7914],[248,7883]]]}},{"type":"Feature","id":"LI.6424","properties":{"hc-group":"admin1","hc-middle-x":0.60,"hc-middle-y":0.45,"hc-key":"li-6424","hc-a2":"SC","labelrank":"20","hasc":"LI.SB","alt-name":null,"woe-id":"20070541","subregion":null,"fips":"LS08","postal-code":null,"name":"Schellenberg","country":"Liechtenstein","type-en":null,"region":null,"longitude":"9.53828","woe-name":"Schellenberg","latitude":"47.242","woe-label":"Schellenberg, LI, Liechtenstein","type":null},"geometry":{"type":"Polygon","coordinates":[[[502,7914],[480,8229],[712,8575],[827,8920],[994,9254],[1451,8837],[1314,8412],[851,8260],[502,7914]]]}}]}