{"title":"Libya","version":"1.1.2","type":"FeatureCollection","copyright":"Copyright (c) 2015 Highsoft AS, Based on data from Natural Earth","copyrightShort":"Natural Earth","copyrightUrl":"http://www.naturalearthdata.com","crs":{"type":"name","properties":{"name":"urn:ogc:def:crs:EPSG:2072"}},"hc-transform":{"default":{"crs":"+proj=tmerc +lat_0=0 +lon_0=17 +k=0.9999 +x_0=200000 +y_0=0 +ellps=intl +towgs84=-115.854,-99.0583,-152.462,0,0,0,0 +units=m +no_defs","scale":0.000437370532828,"jsonres":15.5,"jsonmarginX":-999,"jsonmarginY":9851.0,"xoffset":-563273.58281,"yoffset":3686152.05318}},
"features":[{"type":"Feature","id":"LY.GD","properties":{"hc-group":"admin1","hc-middle-x":0.60,"hc-middle-y":0.59,"hc-key":"ly-gd","hc-a2":"GD","labelrank":"4","hasc":"LY.GD","alt-name":"Gadamis|Ghadames","woe-id":"2346139","subregion":null,"fips":"LY56","postal-code":"GD","name":"Ghadamis","country":"Libya","type-en":"Municipality|Governarate","region":null,"longitude":"10.6245","woe-name":"Ghadamis","latitude":"30.3343","woe-label":"Ghadamis, LY, Libya","type":"Sha'biyat|Sha'biyah"},"geometry":{"type":"Polygon","coordinates":[[[-586,6474],[-562,6599],[-563,6859],[-645,7227],[-714,7379],[-871,7628],[-561,7770],[-476,7782],[-312,7989],[-249,8053],[-190,8189],[-199,8312],[-272,8569],[-262,8631],[-158,8766],[6,8814],[56,8874],[74,8958],[124,8958],[206,9010],[254,9086],[629,9241],[683,9275],[755,9200],[894,9182],[890,9092],[856,8922],[871,8786],[848,8621],[850,8384],[916,8255],[849,8145],[698,7937],[654,7861],[667,7763],[655,7476],[667,7308],[705,6971],[695,6761],[799,6584],[826,6384],[788,6336],[716,6356],[676,6402],[521,6403],[407,6365],[291,6429],[206,6448],[167,6505],[143,6604],[3,6525],[-222,6449],[-375,6536],[-586,6474]]]}},{"type":"Feature","id":"LY.JU","properties":{"hc-group":"admin1","hc-middle-x":0.64,"hc-middle-y":0.58,"hc-key":"ly-ju","hc-a2":"JU","labelrank":"4","hasc":"LY.JU","alt-name":"al-Ghufra","woe-id":"2346122","subregion":null,"fips":"LY05","postal-code":"JU","name":"Al Jufrah","country":"Libya","type-en":"Municipality|Governarate","region":null,"longitude":"17.299","woe-name":"Al Jufrah","latitude":"27.9396","woe-label":"Al Jufrah, LY, Libya","type":"Sha'biyat|Sha'biyah"},"geometry":{"type":"Polygon","coordinates":[[[5636,5137],[5642,4758],[5647,4379],[5547,4416],[5203,4482],[5070,4616],[4990,4650],[4822,4587],[4703,4484],[4560,4459],[4454,4403],[4354,4440],[4136,4486],[4097,4540],[3991,4609],[3919,4684],[3884,4761],[3889,4838],[3852,4891],[3719,4960],[3690,5001],[3691,5173],[3677,5230],[3520,5347],[3481,5468],[3370,5639],[3371,5660],[3438,5866],[3429,5929],[3372,5987],[3237,6033],[3098,6029],[3010,5981],[2856,5986],[2820,6184],[2742,6270],[2538,6423],[2471,6544],[2475,6793],[2532,6809],[2670,6899],[2697,6936],[2691,7145],[2770,7278],[2898,7155],[3115,7085],[3193,7085],[3256,7043],[3347,6918],[3439,6904],[3608,6995],[3793,6925],[3882,6912],[4009,6919],[4079,6947],[4163,6941],[4234,6878],[4396,6830],[4508,6914],[4558,6915],[4614,6866],[4656,6740],[4769,6608],[4826,6419],[4989,6287],[5171,6236],[5171,6249],[5508,6148],[5620,6140],[5636,5137]]]}},{"type":"Feature","id":"LY.KF","properties":{"hc-group":"admin1","hc-middle-x":0.51,"hc-middle-y":0.45,"hc-key":"ly-kf","hc-a2":"KF","labelrank":"4","hasc":"LY.KF","alt-name":"al-Kufra","woe-id":"2346123","subregion":null,"fips":"LY08","postal-code":"KF","name":"Al Kufrah","country":"Libya","type-en":"Municipality|Governarate","region":null,"longitude":"22.0744","woe-name":"Al Kufrah","latitude":"23.7231","woe-label":"Al Kufrah, LY, Libya","type":"Sha'biyat|Sha'biyah"},"geometry":{"type":"Polygon","coordinates":[[[5647,4379],[5642,4758],[5636,5137],[6681,5168],[7490,5185],[8279,5225],[9068,5281],[9554,5323],[9851,-3],[9842,-9],[9138,-40],[9153,-417],[5708,1270],[5706,1392],[5647,4379]]]}},{"type":"Feature","id":"LY.MB","properties":{"hc-group":"admin1","hc-middle-x":0.51,"hc-middle-y":0.47,"hc-key":"ly-mb","hc-a2":"MB","labelrank":"4","hasc":"LY.MB","alt-name":"Al Murgub|Al Khums|Homs|Khoms","woe-id":"2346133","subregion":null,"fips":"LY50","postal-code":"MB","name":"Al Marqab","country":"Libya","type-en":"Municipality|Governarate","region":null,"longitude":"14.1357","woe-name":"Al Marqab","latitude":"32.5351","woe-label":"Al Khums, LY, Libya","type":"Sha'biyat|Sha'biyah"},"geometry":{"type":"Polygon","coordinates":[[[2241,9469],[2381,9435],[2564,9281],[2667,9261],[2745,9225],[2722,9147],[2744,9066],[2681,8864],[2554,8850],[2487,8875],[2335,9003],[2250,8954],[2149,8977],[2009,8942],[1869,8948],[1851,9063],[1782,9152],[1773,9165],[1869,9199],[1915,9307],[2148,9383],[2241,9469]]]}},{"type":"Feature","id":"LY.SH","properties":{"hc-group":"admin1","hc-middle-x":0.51,"hc-middle-y":0.48,"hc-key":"ly-sh","hc-a2":"SH","labelrank":"4","hasc":"LY.SH","alt-name":"Wadi Al Shatii|Shati|Wadi ash-Shati'","woe-id":"2346124","subregion":null,"fips":"LY13","postal-code":"SH","name":"Ash Shati'","country":"Libya","type-en":"Municipality|Governarate","region":null,"longitude":"12.8352","woe-name":"Ash Shati'","latitude":"27.8732","woe-label":"Ash Shati', LY, Libya","type":"Sha'biyat|Sha'biyah"},"geometry":{"type":"Polygon","coordinates":[[[2475,6793],[2471,6544],[2538,6423],[2742,6270],[2820,6184],[2856,5986],[3010,5981],[3098,6029],[3237,6033],[3372,5987],[3429,5929],[3438,5866],[3371,5660],[3216,5677],[3075,5621],[2883,5600],[2784,5557],[2734,5473],[2514,5340],[2443,5262],[2148,5236],[1908,5288],[1725,5352],[1618,5373],[1498,5346],[1334,5248],[1012,5016],[619,4764],[361,4610],[355,4716],[302,5013],[269,5275],[257,5451],[222,5536],[81,5615],[-75,5652],[-329,5739],[-552,5866],[-547,5902],[-635,6211],[-586,6474],[-375,6536],[-222,6449],[3,6525],[143,6604],[167,6505],[206,6448],[291,6429],[407,6365],[521,6403],[676,6402],[716,6356],[788,6336],[826,6384],[849,6422],[1042,6352],[1184,6331],[1188,6272],[1311,6241],[1423,6371],[1595,6464],[1667,6539],[1813,6734],[1881,6852],[1978,6966],[2089,7056],[2199,7058],[2391,6939],[2477,6835],[2475,6793]]]}},{"type":"Feature","id":"LY.GT","properties":{"hc-group":"admin1","hc-middle-x":0.55,"hc-middle-y":0.48,"hc-key":"ly-gt","hc-a2":"GT","labelrank":"4","hasc":"LY.GT","alt-name":"Gat","woe-id":"2346135","subregion":null,"fips":"LY52","postal-code":"GT","name":"Ghat","country":"Libya","type-en":"Municipality|Governarate","region":null,"longitude":"10.4298","woe-name":"Ghat","latitude":"25.9201","woe-label":"Awbari, LY, Libya","type":"Sha'biyat|Sha'biyah"},"geometry":{"type":"Polygon","coordinates":[[[365,3183],[-142,3375],[-331,3327],[-372,3331],[-459,3409],[-499,3542],[-606,3628],[-597,3939],[-627,4037],[-986,4600],[-999,4643],[-920,4777],[-673,4878],[-626,4988],[-608,5131],[-662,5193],[-716,5477],[-687,5575],[-639,5634],[-655,5684],[-606,5718],[-552,5866],[-329,5739],[-75,5652],[81,5615],[222,5536],[257,5451],[269,5275],[302,5013],[355,4716],[361,4610],[313,4404],[298,4259],[315,4174],[357,4108],[306,3987],[288,3541],[365,3385],[379,3285],[365,3183]]]}},{"type":"Feature","id":"LY.MQ","properties":{"hc-group":"admin1","hc-middle-x":0.48,"hc-middle-y":0.44,"hc-key":"ly-mq","hc-a2":"MQ","labelrank":"4","hasc":"LY.MQ","alt-name":null,"woe-id":"2346125","subregion":null,"fips":"LY30","postal-code":"MQ","name":"Murzuq","country":"Libya","type-en":"Municipality|Governarate","region":null,"longitude":"15.2592","woe-name":"Murzuq","latitude":"24.9977","woe-label":"Murzuq, LY, Libya","type":"Sha'biyat|Sha'biyah"},"geometry":{"type":"Polygon","coordinates":[[[5647,4379],[5706,1392],[5708,1270],[3473,2448],[3459,2446],[2771,2117],[2246,1842],[2225,1847],[1814,2228],[1733,2276],[690,2561],[433,3135],[365,3183],[379,3285],[365,3385],[288,3541],[306,3987],[357,4108],[493,4178],[670,4092],[877,4106],[1020,4218],[1198,4204],[1255,4246],[1433,4302],[1597,4309],[1668,4358],[1790,4485],[1918,4513],[2099,4574],[2234,4586],[2433,4664],[2711,4945],[3016,5030],[3342,5080],[3691,5173],[3690,5001],[3719,4960],[3852,4891],[3889,4838],[3884,4761],[3919,4684],[3991,4609],[4097,4540],[4136,4486],[4354,4440],[4454,4403],[4560,4459],[4703,4484],[4822,4587],[4990,4650],[5070,4616],[5203,4482],[5547,4416],[5647,4379]]]}},{"type":"Feature","id":"LY.MI","properties":{"hc-group":"admin1","hc-middle-x":0.53,"hc-middle-y":0.47,"hc-key":"ly-mi","hc-a2":"MI","labelrank":"7","hasc":"LY.MI","alt-name":"Misrata, Misurata","woe-id":"2346141","subregion":null,"fips":"LY58","postal-code":"MI","name":"Misratah","country":"Libya","type-en":"Municipality|Governarate","region":null,"longitude":"15.0186","woe-name":"Misratah","latitude":"32.2151","woe-label":"Misratah, LY, Libya","type":"Sha'biyat|Sha'biyah"},"geometry":{"type":"Polygon","coordinates":[[[3793,6925],[3608,6995],[3439,6904],[3347,6918],[3256,7043],[3193,7085],[3115,7085],[2898,7155],[2770,7278],[2855,7393],[2858,7479],[2841,7688],[2732,7758],[2589,7799],[2519,7853],[2365,7933],[2277,8169],[2196,8330],[2110,8393],[2007,8535],[1988,8616],[1922,8768],[1902,8880],[1869,8948],[2009,8942],[2149,8977],[2250,8954],[2335,9003],[2487,8875],[2554,8850],[2681,8864],[2744,9066],[2722,9147],[2745,9225],[2844,9218],[3025,9174],[3080,9119],[3134,8999],[3131,8826],[3205,8626],[3289,8499],[3377,8416],[3559,8330],[3619,8319],[3604,8159],[3673,7888],[3721,7602],[3826,7310],[3868,7093],[3854,7016],[3793,6925]]]}},{"type":"Feature","id":"LY.SB","properties":{"hc-group":"admin1","hc-middle-x":0.59,"hc-middle-y":0.32,"hc-key":"ly-sb","hc-a2":"SB","labelrank":"7","hasc":"LY.SB","alt-name":"Sabhah, Sebha","woe-id":"2346126","subregion":null,"fips":"LY34","postal-code":"SB","name":"Sabha","country":"Libya","type-en":"Municipality|Governarate","region":null,"longitude":"15.1065","woe-name":"Sabha","latitude":"27.2371","woe-label":"Sabha, LY, Libya","type":"Sha'biyat|Sha'biyah"},"geometry":{"type":"Polygon","coordinates":[[[3371,5660],[3370,5639],[3481,5468],[3520,5347],[3677,5230],[3691,5173],[3342,5080],[3016,5030],[2711,4945],[2433,4664],[2234,4586],[2099,4574],[2099,4650],[2128,4734],[2207,4805],[2250,4889],[2180,5030],[2187,5129],[2148,5236],[2443,5262],[2514,5340],[2734,5473],[2784,5557],[2883,5600],[3075,5621],[3216,5677],[3371,5660]]]}},{"type":"Feature","id":"LY.JI","properties":{"hc-group":"admin1","hc-middle-x":0.75,"hc-middle-y":0.47,"hc-key":"ly-ji","hc-a2":"JI","labelrank":"4","hasc":"LY.JI","alt-name":"Al Jfara|Al `Aziziyah|al-Ghifara|Al `Aziziyah","woe-id":"2346121","subregion":null,"fips":"LY03","postal-code":"JI","name":"Al Jifarah","country":"Libya","type-en":"Municipality|Governarate","region":null,"longitude":"13.0352","woe-name":"Al Jifarah","latitude":"32.4889","woe-label":"Al 'Aziziyah, LY, Libya","type":"Sha'biyat|Sha'biyah"},"geometry":{"type":"Polygon","coordinates":[[[1773,9165],[1782,9152],[1720,9136],[1505,9119],[1511,9230],[1612,9423],[1682,9460],[1735,9404],[1743,9208],[1773,9165]]]}},{"type":"Feature","id":"LY.NQ","properties":{"hc-group":"admin1","hc-middle-x":0.37,"hc-middle-y":0.61,"hc-key":"ly-nq","hc-a2":"NQ","labelrank":"4","hasc":"LY.NQ","alt-name":"an-Niqat al-Hams|Nigat al Khums","woe-id":"2346134","subregion":null,"fips":"LY51","postal-code":"NQ","name":"An Nuqat al Khams","country":"Libya","type-en":"Municipality|Governarate","region":null,"longitude":"12.0109","woe-name":"An Nuqat al Khams","latitude":"32.6661","woe-label":"An Nuqat al Khams, LY, Libya","type":"Sha'biyat|Sha'biyah"},"geometry":{"type":"Polygon","coordinates":[[[894,9182],[755,9200],[683,9275],[709,9310],[695,9370],[643,9444],[658,9642],[700,9851],[780,9792],[913,9766],[1082,9636],[1222,9563],[1364,9541],[1287,9385],[1171,9295],[1064,9249],[1046,9210],[894,9182]]]}},{"type":"Feature","id":"LY.ZA","properties":{"hc-group":"admin1","hc-middle-x":0.72,"hc-middle-y":0.11,"hc-key":"ly-za","hc-a2":"ZA","labelrank":"7","hasc":"LY.ZA","alt-name":"az-Zawiya|Zavia|Zawia","woe-id":"2346136","subregion":null,"fips":"LY53","postal-code":"ZA","name":"Az Zawiyah","country":"Libya","type-en":"Municipality|Governarate","region":null,"longitude":"12.4868","woe-name":"Az Zawiyah","latitude":"32.4551","woe-label":"Az Zawiyah, LY, Libya","type":"Sha'biyat|Sha'biyah"},"geometry":{"type":"Polygon","coordinates":[[[1682,9460],[1612,9423],[1511,9230],[1505,9119],[1395,9103],[1239,9163],[894,9182],[1046,9210],[1064,9249],[1171,9295],[1287,9385],[1364,9541],[1524,9529],[1703,9577],[1705,9506],[1682,9460]]]}},{"type":"Feature","id":"LY.MZ","properties":{"hc-group":"admin1","hc-middle-x":0.44,"hc-middle-y":0.49,"hc-key":"ly-mz","hc-a2":"MZ","labelrank":"7","hasc":"LY.MZ","alt-name":"Mizda","woe-id":"2346140","subregion":null,"fips":"LY57","postal-code":"MZ","name":"Mizdah","country":"Libya","type-en":"Municipality|Governarate","region":null,"longitude":"13.2861","woe-name":"Mizdah","latitude":"30.6105","woe-label":"Gharyan, LY, Libya","type":"Sha'biyat|Sha'biyah"},"geometry":{"type":"Polygon","coordinates":[[[826,6384],[799,6584],[695,6761],[705,6971],[667,7308],[655,7476],[667,7763],[654,7861],[698,7937],[849,8145],[916,8255],[850,8384],[848,8621],[871,8786],[856,8922],[890,9092],[894,9182],[1239,9163],[1395,9103],[1505,9119],[1720,9136],[1782,9152],[1851,9063],[1869,8948],[1902,8880],[1922,8768],[1988,8616],[2007,8535],[2110,8393],[2196,8330],[2277,8169],[2365,7933],[2519,7853],[2589,7799],[2732,7758],[2841,7688],[2858,7479],[2855,7393],[2770,7278],[2691,7145],[2697,6936],[2670,6899],[2532,6809],[2475,6793],[2477,6835],[2391,6939],[2199,7058],[2089,7056],[1978,6966],[1881,6852],[1813,6734],[1667,6539],[1595,6464],[1423,6371],[1311,6241],[1188,6272],[1184,6331],[1042,6352],[849,6422],[826,6384]]]}},{"type":"Feature","id":"LY.TN","properties":{"hc-group":"admin1","hc-middle-x":0.31,"hc-middle-y":0.12,"hc-key":"ly-tn","hc-a2":"TN","labelrank":"4","hasc":"LY.TN","alt-name":"Taghura' wa-n-Nawahi al-Arba","woe-id":"2346144","subregion":null,"fips":"LY61","postal-code":"TN","name":"Tajura' wa an Nawahi al Arba","country":"Libya","type-en":"Municipality|Governarate","region":null,"longitude":"13.5154","woe-name":"Tajura' wa an Nawahi al Arba","latitude":"32.6867","woe-label":"Tsarrbuus, LY, Libya","type":"Sha'biyat|Sha'biyah"},"geometry":{"type":"Polygon","coordinates":[[[1773,9165],[1743,9208],[1735,9404],[1682,9460],[1705,9506],[1703,9577],[1743,9602],[1862,9591],[1999,9510],[2135,9504],[2241,9469],[2148,9383],[1915,9307],[1869,9199],[1773,9165]]]}},{"type":"Feature","id":"LY.SR","properties":{"hc-group":"admin1","hc-middle-x":0.48,"hc-middle-y":0.38,"hc-key":"ly-sr","hc-a2":"SR","labelrank":"7","hasc":"LY.SR","alt-name":"Sirte","woe-id":"2346143","subregion":null,"fips":"LY60","postal-code":"SR","name":"Surt","country":"Libya","type-en":"Municipality|Governarate","region":null,"longitude":"17.4523","woe-name":"Surt","latitude":"30.2021","woe-label":"Surt, LY, Libya","type":"Sha'biyat|Sha'biyah"},"geometry":{"type":"Polygon","coordinates":[[[3619,8319],[3762,8292],[4000,8288],[4138,8258],[4279,8209],[4412,8186],[4478,8143],[4726,8065],[4777,8014],[4938,7963],[5036,7867],[5196,7751],[5253,7694],[5342,7656],[5305,7378],[5299,7252],[5313,7126],[5293,7014],[5216,6902],[5174,6747],[5168,6530],[5171,6249],[5171,6236],[4989,6287],[4826,6419],[4769,6608],[4656,6740],[4614,6866],[4558,6915],[4508,6914],[4396,6830],[4234,6878],[4163,6941],[4079,6947],[4009,6919],[3882,6912],[3793,6925],[3854,7016],[3868,7093],[3826,7310],[3721,7602],[3673,7888],[3604,8159],[3619,8319]]]}},{"type":"Feature","id":"LY.HZ","properties":{"hc-group":"admin1","hc-middle-x":0.47,"hc-middle-y":0.46,"hc-key":"ly-hz","hc-a2":"HZ","labelrank":"4","hasc":"LY.HZ","alt-name":"al-Hizam al-Ahdar","woe-id":"2346131","subregion":null,"fips":"LY48","postal-code":"HZ","name":"Al Marj","country":"Libya","type-en":"Municipality|Governarate","region":null,"longitude":"21.0132","woe-name":"Al Hizam Al Akhdar","latitude":"32.1682","woe-label":"Al Fatih, LY, Libya","type":"Sha'biyat|Sha'biyah"},"geometry":{"type":"Polygon","coordinates":[[[6453,9333],[6591,9398],[6677,9461],[6778,9509],[6944,9515],[7011,9456],[7015,9408],[6936,9312],[6963,9174],[7031,9030],[7144,8935],[7166,8866],[7172,8692],[7149,8625],[7150,8538],[7219,8397],[7229,8234],[7190,8216],[6972,8201],[6946,8382],[6913,8440],[6890,8579],[6844,8620],[6733,8601],[6600,8605],[6547,8580],[6460,8593],[6324,8851],[6295,8931],[6322,9070],[6449,9238],[6453,9333]]]}},{"type":"Feature","id":"LY.JA","properties":{"hc-group":"admin1","hc-middle-x":0.41,"hc-middle-y":0.24,"hc-key":"ly-ja","hc-a2":"JA","labelrank":"4","hasc":"LY.JA","alt-name":"Al Bayda'|al-Ghabal al-Ahdar|Beida|Djebel Akhdar|Jebel el Akhdar","woe-id":"2346132","subregion":null,"fips":"LY49","postal-code":"JA","name":"Al Jabal al Akhdar","country":"Libya","type-en":"Municipality|Governarate","region":null,"longitude":"21.7222","woe-name":"Al Jabal al Akhdar","latitude":"32.0068","woe-label":"Al Jabal al Akhdar, LY, Libya","type":"Sha'biyat|Sha'biyah"},"geometry":{"type":"Polygon","coordinates":[[[7229,8234],[7219,8397],[7150,8538],[7149,8625],[7172,8692],[7166,8866],[7144,8935],[7031,9030],[6963,9174],[6936,9312],[7015,9408],[7011,9456],[6944,9515],[7005,9542],[7099,9635],[7167,9653],[7271,9622],[7339,9633],[7334,9514],[7382,9363],[7343,9185],[7381,8985],[7386,8703],[7378,8539],[7352,8403],[7483,8287],[7277,8257],[7229,8234]]]}},{"type":"Feature","id":"LY.AJ","properties":{"hc-group":"admin1","hc-middle-x":0.39,"hc-middle-y":0.54,"hc-key":"ly-aj","hc-a2":"AJ","labelrank":"6","hasc":"LY.AJ","alt-name":"Aghdabiya","woe-id":"2346130","subregion":null,"fips":"LY47","postal-code":"AJ","name":"Ajdabiya","country":"Libya","type-en":"Municipality|Governarate","region":null,"longitude":"21.74","woe-name":"Ajdabiya","latitude":"29.0419","woe-label":"Ajdabiya, LY, Libya","type":"Sha'biyat|Sha'biyah"},"geometry":{"type":"Polygon","coordinates":[[[6972,8201],[7190,8216],[7229,8234],[7277,8257],[7483,8287],[7577,8310],[7711,8201],[7751,8128],[7823,8083],[7935,8061],[7989,8066],[8051,8073],[8051,8073],[8051,8073],[8051,8073],[8051,8073],[8110,8054],[8217,6072],[9488,6116],[9502,6114],[9549,5390],[9554,5323],[9068,5281],[8279,5225],[7490,5185],[6681,5168],[5636,5137],[5620,6140],[5508,6148],[5171,6249],[5168,6530],[5174,6747],[5216,6902],[5293,7014],[5313,7126],[5299,7252],[5305,7378],[5342,7656],[5460,7588],[5576,7581],[5701,7609],[5880,7705],[5965,7774],[6146,8011],[6212,8183],[6205,8317],[6199,8345],[6307,8326],[6387,8220],[6503,8163],[6722,8200],[6972,8201]]]}},{"type":"Feature","id":"LY.BA","properties":{"hc-group":"admin1","hc-middle-x":0.63,"hc-middle-y":0.81,"hc-key":"ly-ba","hc-a2":"BA","labelrank":"9","hasc":"LY.BA","alt-name":"Banghazi|Bengasi","woe-id":"2346137","subregion":null,"fips":"LY54","postal-code":"BA","name":"Benghazi","country":"Libya","type-en":"Municipality|Governarate","region":null,"longitude":"20.6182","woe-name":"Benghazi","latitude":"31.2887","woe-label":"Banghazi, LY, Libya","type":"Sha'biyat|Sha'biyah"},"geometry":{"type":"Polygon","coordinates":[[[6205,8317],[6125,8445],[6078,8566],[6053,8685],[6060,8865],[6140,9032],[6335,9233],[6453,9333],[6449,9238],[6322,9070],[6295,8931],[6324,8851],[6460,8593],[6547,8580],[6600,8605],[6733,8601],[6844,8620],[6890,8579],[6913,8440],[6946,8382],[6972,8201],[6722,8200],[6503,8163],[6387,8220],[6307,8326],[6199,8345],[6205,8317]]]}},{"type":"Feature","id":"LY.QB","properties":{"hc-group":"admin1","hc-middle-x":0.50,"hc-middle-y":0.50,"hc-key":"ly-qb","hc-a2":"QB","labelrank":"4","hasc":"LY.QB","alt-name":"Al Qubah|al-Qubba","woe-id":"2346138","subregion":null,"fips":"LY55","postal-code":"QB","name":"Al Qubbah","country":"Libya","type-en":"Municipality|Governarate","region":null,"longitude":"22.5845","woe-name":"Al Qubbah","latitude":"31.8165","woe-label":"Darnah, LY, Libya","type":"Sha'biyat|Sha'biyah"},"geometry":{"type":"MultiPolygon","coordinates":[[[[7823,8083],[7751,8128],[7711,8201],[7577,8310],[7483,8287],[7352,8403],[7378,8539],[7386,8703],[7381,8985],[7343,9185],[7382,9363],[7334,9514],[7339,9633],[7442,9664],[7480,9621],[7590,9613],[7679,9558],[7872,9518],[8050,9469],[8067,9371],[8070,9226],[8135,9205],[8174,9151],[8105,8868],[8089,8614],[8037,8529],[8026,8399],[8051,8073],[8051,8073],[8051,8073],[8051,8073],[8000,8065],[7989,8066],[7823,8083]]],[[[8053,8073],[8051,8073],[8051,8073],[8053,8073]]]]}},{"type":"Feature","id":"LY.BU","properties":{"hc-group":"admin1","hc-middle-x":0.51,"hc-middle-y":0.53,"hc-key":"ly-bu","hc-a2":"BU","labelrank":"4","hasc":"LY.BU","alt-name":"Tobruk|Tubruq","woe-id":"2346128","subregion":null,"fips":"LY42","postal-code":"BU","name":"Al Butnan","country":"Libya","type-en":"Municipality|Governarate","region":null,"longitude":"24.0559","woe-name":"Al Butnan","latitude":"30.069","woe-label":"Tsubruq, LY, Libya","type":"Sha'biyat|Sha'biyah"},"geometry":{"type":"Polygon","coordinates":[[[9502,6114],[9488,6116],[8217,6072],[8110,8054],[8053,8073],[8051,8073],[8051,8073],[8051,8073],[8026,8399],[8037,8529],[8089,8614],[8105,8868],[8174,9151],[8274,9137],[8444,9142],[8659,9088],[8642,9066],[8722,9026],[9016,9035],[9094,9071],[9297,9037],[9330,8954],[9427,8815],[9370,8748],[9351,8682],[9252,8588],[9264,8411],[9290,8316],[9371,8145],[9330,7925],[9250,7792],[9205,7647],[9299,7461],[9301,7358],[9350,7273],[9361,7145],[9425,7016],[9447,6933],[9502,6114]]]}},{"type":"Feature","id":"LY.WH","properties":{"hc-group":"admin1","hc-middle-x":0.53,"hc-middle-y":0.51,"hc-key":"ly-wh","hc-a2":"WH","labelrank":"4","hasc":"LY.GT","alt-name":null,"woe-id":"-2346135","subregion":null,"fips":null,"postal-code":"WH","name":"Wadi al Hayaa","country":"Libya","type-en":"Municipality|Governarate","region":null,"longitude":"12.679","woe-name":null,"latitude":"26.3564","woe-label":null,"type":"Sha'biyat|Sha'biyah"},"geometry":{"type":"Polygon","coordinates":[[[2148,5236],[2187,5129],[2180,5030],[2250,4889],[2207,4805],[2128,4734],[2099,4650],[2099,4574],[1918,4513],[1790,4485],[1668,4358],[1597,4309],[1433,4302],[1255,4246],[1198,4204],[1020,4218],[877,4106],[670,4092],[493,4178],[357,4108],[315,4174],[298,4259],[313,4404],[361,4610],[619,4764],[1012,5016],[1334,5248],[1498,5346],[1618,5373],[1725,5352],[1908,5288],[2148,5236]]]}}]}