{"title":"Monaco","version":"1.1.2","type":"FeatureCollection","copyright":"Copyright (c) 2015 Highsoft AS, Based on data from Natural Earth","copyrightShort":"Natural Earth","copyrightUrl":"http://www.naturalearthdata.com","crs":{"type":"name","properties":{"name":"urn:ogc:def:crs:EPSG:32632"}},"hc-transform":{"default":{"crs":"+proj=utm +zone=32 +datum=WGS84 +units=m +no_defs","scale":0.120299583219,"jsonres":15.5,"jsonmarginX":-999,"jsonmarginY":9851.0,"xoffset":368366.016574,"yoffset":4846839.61805}},
"features":[{"type":"Feature","id":"MC.3633","properties":{"hc-group":"admin1","hc-middle-x":0.44,"hc-middle-y":0.53,"hc-key":"mc-3633","hc-a2":"MO","labelrank":"20","hasc":"MC","alt-name":null,"woe-id":"23424892","subregion":null,"fips":null,"postal-code":null,"name":"Monaco","country":"Monaco","type-en":null,"region":null,"longitude":"7.39979","woe-name":"Monaco","latitude":"43.7461","woe-label":null,"type":null},"geometry":{"type":"Polygon","coordinates":[[[9851,5592],[9145,4878],[6874,3068],[4775,428],[1236,767],[-999,1527],[-725,3882],[132,6291],[2415,8746],[5354,9851],[8216,8130],[9851,5592]]]}}]}