{"title":"Montenegro","version":"1.1.2","type":"FeatureCollection","copyright":"Copyright (c) 2015 Highsoft AS, Based on data from Natural Earth","copyrightShort":"Natural Earth","copyrightUrl":"http://www.naturalearthdata.com","crs":{"type":"name","properties":{"name":"urn:ogc:def:crs:EPSG:32634"}},"hc-transform":{"default":{"crs":"+proj=utm +zone=34 +datum=WGS84 +units=m +no_defs","scale":0.00370516015994,"jsonres":15.5,"jsonmarginX":-999,"jsonmarginY":9851.0,"xoffset":289390.844541,"yoffset":4823602.20915}},
"features":[{"type":"Feature","id":"ME.AN","properties":{"hc-group":"admin1","hc-middle-x":0.42,"hc-middle-y":0.53,"hc-key":"me-an","hc-a2":"AN","labelrank":"9","hasc":"ME.AN","alt-name":null,"woe-id":"29389233","subregion":null,"fips":"MJ00","postal-code":"AN","name":"Andrijevica","country":"Montenegro","type-en":"Municipality","region":null,"longitude":"19.7688","woe-name":"Andrijevica","latitude":"42.6933","woe-label":"Andrijevica, ME, Montenegro","type":"Op?tina"},"geometry":{"type":"Polygon","coordinates":[[[5191,3667],[5188,3731],[5151,3894],[5080,4034],[4974,4091],[4863,4041],[4777,3965],[4762,4002],[4640,4162],[4706,4229],[4814,4395],[4819,4561],[4797,4910],[4660,5043],[4730,5162],[4880,5180],[4934,5186],[5144,5069],[5346,4916],[5662,4816],[5822,4771],[5735,4685],[5733,4577],[5966,4297],[5943,4292],[5728,4132],[5553,3907],[5270,3703],[5191,3667]]]}},{"type":"Feature","id":"ME.BE","properties":{"hc-group":"admin1","hc-middle-x":0.57,"hc-middle-y":0.48,"hc-key":"me-be","hc-a2":"BE","labelrank":"9","hasc":"ME.BE","alt-name":null,"woe-id":"29389228","subregion":null,"fips":"MJ00","postal-code":"BE","name":"Berane","country":"Montenegro","type-en":"Municipality","region":null,"longitude":"19.9003","woe-name":"Berane","latitude":"42.8198","woe-label":"Berane, ME, Montenegro","type":"Op?tina"},"geometry":{"type":"Polygon","coordinates":[[[6659,4764],[6559,4686],[6520,4634],[6511,4508],[6567,4405],[6389,4382],[5966,4297],[5733,4577],[5735,4685],[5822,4771],[5662,4816],[5346,4916],[5144,5069],[4934,5186],[4880,5180],[4863,5464],[4901,5539],[4981,5697],[4996,5702],[5208,5777],[5357,5819],[5475,5917],[5625,5957],[5804,5898],[5916,5897],[6092,5981],[6231,6034],[6274,6066],[6419,6122],[6540,6178],[6680,6403],[6961,6118],[7020,6098],[6918,5784],[6842,5649],[6798,5525],[6753,5354],[6668,5237],[6623,4930],[6659,4764]]]}},{"type":"Feature","id":"ME.BP","properties":{"hc-group":"admin1","hc-middle-x":0.43,"hc-middle-y":0.51,"hc-key":"me-bp","hc-a2":"BP","labelrank":"9","hasc":"ME.BP","alt-name":null,"woe-id":"29389227","subregion":null,"fips":"MJ00","postal-code":"BP","name":"Bijelo Polje","country":"Montenegro","type-en":"Municipality","region":null,"longitude":"19.7579","woe-name":"Bijelo Polje","latitude":"43.0174","woe-label":"Bijelo Polje, ME, Montenegro","type":"Op?tina"},"geometry":{"type":"Polygon","coordinates":[[[4323,7699],[4473,7499],[4553,7424],[4648,7371],[4854,7306],[4955,7293],[5014,7314],[5053,7352],[5091,7347],[5223,7096],[5308,6981],[5403,6902],[5511,6859],[5666,6846],[5825,6857],[5879,6890],[5990,7001],[6035,7024],[6093,7004],[6187,6824],[6233,6776],[6512,6574],[6680,6403],[6540,6178],[6419,6122],[6274,6066],[6231,6034],[6092,5981],[5916,5897],[5804,5898],[5625,5957],[5475,5917],[5357,5819],[5208,5777],[4996,5702],[4890,5839],[4809,5915],[4839,5999],[4837,6160],[4770,6289],[4645,6385],[4433,6439],[4288,6483],[4254,6515],[4147,6573],[3969,6621],[3891,6628],[3896,6756],[3957,6929],[4086,7006],[4170,7105],[4224,7215],[4254,7358],[4270,7523],[4323,7699]]]}},{"type":"Feature","id":"ME.KL","properties":{"hc-group":"admin1","hc-middle-x":0.40,"hc-middle-y":0.49,"hc-key":"me-kl","hc-a2":"KL","labelrank":"9","hasc":"ME.KL","alt-name":null,"woe-id":"29389235","subregion":null,"fips":"MJ00","postal-code":"KL","name":"Kola?in","country":"Montenegro","type-en":"Municipality","region":null,"longitude":"19.4394","woe-name":"Kola?in","latitude":"42.7889","woe-label":"Kola?in, ME, Montenegro","type":"Op?tina"},"geometry":{"type":"Polygon","coordinates":[[[4901,5539],[4863,5464],[4880,5180],[4730,5162],[4660,5043],[4797,4910],[4819,4561],[4814,4395],[4706,4229],[4640,4162],[4546,4284],[4436,4347],[4404,4483],[4386,4619],[4210,4641],[4038,4572],[4020,4447],[3907,4318],[3788,4241],[3603,4191],[3402,4163],[3144,4234],[3101,4265],[2919,4398],[2912,4567],[2847,4746],[2688,4801],[2669,5008],[2717,5162],[2736,5311],[2691,5435],[2663,5515],[2654,5619],[2708,5711],[2788,5762],[3091,5703],[3327,5689],[3469,5901],[3671,5781],[3824,5670],[4430,5673],[4727,5596],[4901,5539]]]}},{"type":"Feature","id":"ME.DA","properties":{"hc-group":"admin1","hc-middle-x":0.48,"hc-middle-y":0.59,"hc-key":"me-da","hc-a2":"DA","labelrank":"9","hasc":"ME.DA","alt-name":null,"woe-id":"29389236","subregion":null,"fips":"MJ00","postal-code":"DA","name":"Danilovgrad","country":"Montenegro","type-en":"Municipality","region":null,"longitude":"19.1191","woe-name":"Danilovgrad","latitude":"42.5936","woe-label":"Danilovgrad, ME, Montenegro","type":"Op?tina"},"geometry":{"type":"Polygon","coordinates":[[[2688,4801],[2847,4746],[2912,4567],[2919,4398],[3101,4265],[2903,4049],[2909,3920],[2858,3763],[2709,3597],[2671,3461],[2645,3257],[2611,3096],[2595,3067],[2361,3073],[2004,3078],[1851,3099],[1687,3177],[1590,3210],[1597,3345],[1673,3483],[1694,3542],[1634,3604],[1583,3682],[1482,3762],[1381,3828],[1381,3942],[1591,3949],[1656,4029],[1669,4215],[1755,4360],[1924,4462],[2030,4491],[2111,4458],[2279,4422],[2525,4392],[2692,4473],[2674,4600],[2688,4801]]]}},{"type":"Feature","id":"ME.MK","properties":{"hc-group":"admin1","hc-middle-x":0.45,"hc-middle-y":0.47,"hc-key":"me-mk","hc-a2":"MK","labelrank":"9","hasc":"ME.MK","alt-name":null,"woe-id":"29389232","subregion":null,"fips":"MJ00","postal-code":"MK","name":"Mojkovac","country":"Montenegro","type-en":"Municipality","region":null,"longitude":"19.515","woe-name":"Mojkovac","latitude":"42.971","woe-label":"Mojkovac, ME, Montenegro","type":"Op?tina"},"geometry":{"type":"Polygon","coordinates":[[[3891,6628],[3969,6621],[4147,6573],[4254,6515],[4288,6483],[4433,6439],[4645,6385],[4770,6289],[4837,6160],[4839,5999],[4809,5915],[4890,5839],[4996,5702],[4981,5697],[4901,5539],[4727,5596],[4430,5673],[3824,5670],[3671,5781],[3469,5901],[3328,6026],[3285,6260],[3305,6395],[3372,6459],[3520,6494],[3664,6604],[3732,6642],[3891,6628]]]}},{"type":"Feature","id":"ME.NK","properties":{"hc-group":"admin1","hc-middle-x":0.31,"hc-middle-y":0.57,"hc-key":"me-nk","hc-a2":"NK","labelrank":"9","hasc":"ME.NK","alt-name":null,"woe-id":"29389238","subregion":null,"fips":"MJ00","postal-code":"NK","name":"Nik?ic","country":"Montenegro","type-en":"Municipality","region":null,"longitude":"18.8259","woe-name":"Nik?ic","latitude":"42.8341","woe-label":"Nik?iÄ?, ME, Montenegro","type":"Op?tina"},"geometry":{"type":"Polygon","coordinates":[[[2691,5435],[2736,5311],[2717,5162],[2669,5008],[2688,4801],[2674,4600],[2692,4473],[2525,4392],[2279,4422],[2111,4458],[2030,4491],[1924,4462],[1755,4360],[1669,4215],[1656,4029],[1591,3949],[1381,3942],[1362,4073],[1279,4182],[1164,4259],[1075,4335],[1028,4401],[860,4439],[733,4437],[598,4530],[409,4591],[368,4480],[321,4411],[256,4385],[226,4319],[226,4216],[191,4111],[122,4043],[22,4035],[-201,4010],[-476,4031],[-441,4110],[-434,4295],[-478,4472],[-555,4579],[-648,4681],[-803,4952],[-862,5107],[-901,5260],[-902,5371],[-854,5441],[-794,5485],[-758,5546],[-781,5669],[-885,5897],[-928,6026],[-927,6137],[-829,6384],[-683,6515],[-420,6566],[-142,6562],[48,6530],[-22,7018],[-17,7197],[367,7090],[521,6995],[627,6816],[729,6511],[870,6247],[1025,6088],[1268,6011],[1533,5977],[1621,5934],[1781,5858],[1989,5711],[2137,5597],[2397,5480],[2691,5435]]]}},{"type":"Feature","id":"ME.PU","properties":{"hc-group":"admin1","hc-middle-x":0.56,"hc-middle-y":0.42,"hc-key":"me-pu","hc-a2":"PU","labelrank":"9","hasc":"ME.PU","alt-name":null,"woe-id":"29389230","subregion":null,"fips":"MJ00","postal-code":"PU","name":"Plu?ine","country":"Montenegro","type-en":"Municipality","region":null,"longitude":"18.8229","woe-name":"Plu?ine","latitude":"43.1483","woe-label":"Plu?ine, ME, Montenegro","type":"Op?tina"},"geometry":{"type":"Polygon","coordinates":[[[1621,5934],[1533,5977],[1268,6011],[1025,6088],[870,6247],[729,6511],[627,6816],[521,6995],[367,7090],[-17,7197],[26,7390],[106,7549],[315,7826],[204,7884],[278,7986],[884,8408],[1008,8443],[954,8555],[1041,8594],[1318,8613],[1431,8577],[1553,8486],[1585,8440],[1592,8297],[1632,8224],[1727,8093],[1731,7398],[1772,7237],[1869,7063],[1864,6955],[1816,6979],[1642,6959],[1515,6816],[1415,6556],[1438,6378],[1655,6227],[1670,5968],[1621,5934]]]}},{"type":"Feature","id":"ME.PL","properties":{"hc-group":"admin1","hc-middle-x":0.53,"hc-middle-y":0.51,"hc-key":"me-pl","hc-a2":"PL","labelrank":"9","hasc":"ME.PL","alt-name":null,"woe-id":"29389226","subregion":null,"fips":"MJ00","postal-code":"PL","name":"Pljevlja","country":"Montenegro","type-en":"Municipality","region":null,"longitude":"19.2264","woe-name":"Pljevlja","latitude":"43.3019","woe-label":"Pljevlja, ME, Montenegro","type":"Op?tina"},"geometry":{"type":"Polygon","coordinates":[[[3891,6628],[3732,6642],[3664,6604],[3556,6777],[3420,6939],[3253,7092],[3026,7262],[2806,7411],[2638,7541],[2430,7630],[2261,7609],[2100,7609],[1991,7726],[1952,7894],[1900,8189],[1884,8245],[1949,8287],[2072,8291],[2106,8319],[1972,8589],[1843,8977],[1687,9193],[1655,9218],[1552,9194],[1578,9320],[1519,9418],[1415,9462],[1371,9497],[1370,9550],[1398,9602],[1530,9673],[1643,9794],[1713,9843],[1819,9851],[1882,9785],[1930,9690],[1989,9612],[2067,9582],[2166,9583],[2258,9617],[2386,9762],[2502,9773],[2722,9734],[2625,9588],[2625,9405],[2697,9235],[2816,9128],[3448,8827],[3524,8769],[3713,8473],[3983,8181],[4037,8095],[4114,7914],[4160,7842],[4323,7699],[4270,7523],[4254,7358],[4224,7215],[4170,7105],[4086,7006],[3957,6929],[3896,6756],[3891,6628]]]}},{"type":"Feature","id":"ME.PG","properties":{"hc-group":"admin1","hc-middle-x":0.55,"hc-middle-y":0.54,"hc-key":"me-pg","hc-a2":"PG","labelrank":"9","hasc":"ME.PG","alt-name":null,"woe-id":"29389237","subregion":null,"fips":"MJ00","postal-code":"PG","name":"Podgorica","country":"Montenegro","type-en":"Municipality","region":null,"longitude":"19.3069","woe-name":"Podgorica","latitude":"42.4462","woe-label":"Podgorica, ME, Montenegro","type":"Op?tina"},"geometry":{"type":"Polygon","coordinates":[[[4640,4162],[4762,4002],[4777,3965],[4729,3923],[4604,3779],[4523,3652],[4494,3564],[4465,3397],[4437,3322],[4378,3255],[4252,3170],[4224,3073],[4165,2956],[4097,2850],[4019,2763],[3924,2703],[3859,2600],[3613,2323],[3541,2184],[3527,2020],[3427,1919],[3382,1800],[3333,1727],[3274,1720],[3130,1760],[3162,1628],[3258,1671],[3219,1572],[3141,1568],[2701,1680],[2579,1689],[2480,1642],[2455,1701],[2411,1732],[2359,1729],[2315,1691],[2180,1813],[2147,1882],[2273,2105],[2313,2329],[2177,2480],[2018,2631],[1815,2861],[1641,2988],[1467,3136],[1451,3202],[1521,3234],[1590,3210],[1687,3177],[1851,3099],[2004,3078],[2361,3073],[2595,3067],[2611,3096],[2645,3257],[2671,3461],[2709,3597],[2858,3763],[2909,3920],[2903,4049],[3101,4265],[3144,4234],[3402,4163],[3603,4191],[3788,4241],[3907,4318],[4020,4447],[4038,4572],[4210,4641],[4386,4619],[4404,4483],[4436,4347],[4546,4284],[4640,4162]]]}},{"type":"Feature","id":"ME.TI","properties":{"hc-group":"admin1","hc-middle-x":0.29,"hc-middle-y":0.74,"hc-key":"me-ti","hc-a2":"TI","labelrank":"9","hasc":"ME.TI","alt-name":null,"woe-id":"29389245","subregion":null,"fips":"MJ00","postal-code":"TI","name":"Tivat","country":"Montenegro","type-en":"Municipality","region":null,"longitude":"18.6898","woe-name":"Tivat","latitude":"42.3897","woe-label":"Tivat, ME, Montenegro","type":"Op?tina"},"geometry":{"type":"Polygon","coordinates":[[[188,2296],[201,2399],[121,2479],[34,2486],[4,2580],[-31,2690],[23,2671],[158,2593],[226,2521],[266,2619],[260,2699],[159,2943],[171,3057],[280,2967],[394,2741],[291,2418],[188,2296]]]}},{"type":"Feature","id":"ME.SA","properties":{"hc-group":"admin1","hc-middle-x":0.42,"hc-middle-y":0.50,"hc-key":"me-sa","hc-a2":"SA","labelrank":"9","hasc":"ME.SA","alt-name":null,"woe-id":"29389234","subregion":null,"fips":"MJ00","postal-code":"SA","name":"?avnik","country":"Montenegro","type-en":"Municipality","region":null,"longitude":"19.1516","woe-name":"?avnik","latitude":"42.9571","woe-label":"?avnik, ME, Montenegro","type":"Op?tina"},"geometry":{"type":"Polygon","coordinates":[[[3285,6260],[3328,6026],[3469,5901],[3327,5689],[3091,5703],[2788,5762],[2708,5711],[2654,5619],[2663,5515],[2691,5435],[2397,5480],[2137,5597],[1989,5711],[1781,5858],[1621,5934],[1670,5968],[1655,6227],[1438,6378],[1415,6556],[1515,6816],[1642,6959],[1816,6979],[1864,6955],[1981,6895],[2055,6809],[2154,6806],[2311,6824],[2420,6716],[2481,6600],[2584,6642],[2731,6639],[2859,6510],[2918,6424],[3001,6380],[3285,6260]]]}},{"type":"Feature","id":"ME.ZA","properties":{"hc-group":"admin1","hc-middle-x":0.39,"hc-middle-y":0.57,"hc-key":"me-za","hc-a2":"ZA","labelrank":"9","hasc":"ME.ZA","alt-name":null,"woe-id":"29389231","subregion":null,"fips":"MJ00","postal-code":"ZA","name":"?abljak","country":"Montenegro","type-en":"Municipality","region":null,"longitude":"19.2003","woe-name":"?abljak","latitude":"43.1148","woe-label":"?abljak, ME, Montenegro","type":"Op?tina"},"geometry":{"type":"Polygon","coordinates":[[[3664,6604],[3520,6494],[3372,6459],[3305,6395],[3285,6260],[3001,6380],[2918,6424],[2859,6510],[2731,6639],[2584,6642],[2481,6600],[2420,6716],[2311,6824],[2154,6806],[2055,6809],[1981,6895],[1864,6955],[1869,7063],[1772,7237],[1731,7398],[1727,8093],[1740,8061],[1789,8103],[1884,8245],[1900,8189],[1952,7894],[1991,7726],[2100,7609],[2261,7609],[2430,7630],[2638,7541],[2806,7411],[3026,7262],[3253,7092],[3420,6939],[3556,6777],[3664,6604]]]}},{"type":"Feature","id":"ME.BA","properties":{"hc-group":"admin1","hc-middle-x":0.41,"hc-middle-y":0.45,"hc-key":"me-ba","hc-a2":"BA","labelrank":"9","hasc":"ME.BA","alt-name":null,"woe-id":"29389244","subregion":null,"fips":"AL49","postal-code":"BA","name":"Bar","country":"Montenegro","type-en":"Municipality","region":null,"longitude":"19.1463","woe-name":"Bar","latitude":"42.1416","woe-label":"Bar, ME, Montenegro","type":"Op?tina"},"geometry":{"type":"MultiPolygon","coordinates":[[[[2180,1813],[2121,1866],[2084,1920],[2147,1883],[2147,1882],[2180,1813]]],[[[2258,90],[2251,235],[1988,488],[1953,581],[1998,672],[1905,739],[1836,868],[1655,868],[1616,937],[1607,1006],[1521,1047],[1476,1151],[1619,1309],[1597,1393],[1366,1677],[1289,1832],[1262,1915],[1264,1914],[1441,1871],[1632,1788],[1743,1787],[1766,1923],[1854,2027],[2040,1941],[1998,1921],[2127,1781],[2137,1593],[2186,1519],[2120,1471],[2413,1454],[2526,1384],[2598,1084],[2677,965],[2781,871],[3238,582],[3007,514],[2916,537],[2747,604],[2618,605],[2650,465],[2778,186],[2735,27],[2287,95],[2258,90]]]]}},{"type":"Feature","id":"ME.CE","properties":{"hc-group":"admin1","hc-middle-x":0.44,"hc-middle-y":0.46,"hc-key":"me-ce","hc-a2":"CE","labelrank":"9","hasc":"ME.CE","alt-name":null,"woe-id":"29389242","subregion":null,"fips":"MJ00","postal-code":"CE","name":"Cetinje","country":"Montenegro","type-en":"Municipality","region":null,"longitude":"18.8954","woe-name":"Cetinje","latitude":"42.4993","woe-label":"Cetinje, ME, Montenegro","type":"Op?tina"},"geometry":{"type":"Polygon","coordinates":[[[2084,1920],[2063,1952],[2040,1941],[1854,2027],[1766,1923],[1743,1787],[1632,1788],[1441,1871],[1264,1915],[1262,1915],[1225,2030],[1088,2157],[939,2191],[830,2242],[678,2299],[660,2262],[596,2424],[537,2625],[522,2720],[563,2807],[579,3046],[530,3243],[240,3462],[229,3562],[180,3693],[100,3805],[22,4035],[122,4043],[191,4111],[226,4216],[226,4319],[256,4385],[321,4411],[368,4480],[409,4591],[598,4530],[733,4437],[860,4439],[1028,4401],[1075,4335],[1164,4259],[1279,4182],[1362,4073],[1381,3942],[1381,3828],[1482,3762],[1583,3682],[1634,3604],[1694,3542],[1673,3483],[1597,3345],[1590,3210],[1521,3234],[1451,3202],[1467,3136],[1641,2988],[1815,2861],[2018,2631],[2177,2480],[2313,2329],[2273,2105],[2147,1883],[2147,1882],[2084,1920]]]}},{"type":"Feature","id":"ME.BU","properties":{"hc-group":"admin1","hc-middle-x":0.23,"hc-middle-y":0.23,"hc-key":"me-bu","hc-a2":"BU","labelrank":"9","hasc":"ME.BU","alt-name":null,"woe-id":"29389243","subregion":null,"fips":"MJ00","postal-code":"BU","name":"Budva","country":"Montenegro","type-en":"Municipality","region":null,"longitude":"18.8929","woe-name":"Budva","latitude":"42.3039","woe-label":"Budva, ME, Montenegro","type":"Op?tina"},"geometry":{"type":"Polygon","coordinates":[[[1289,1832],[1366,1677],[1597,1393],[1619,1309],[1476,1151],[1393,1259],[1206,1406],[1153,1505],[1125,1716],[1086,1806],[1019,1846],[936,1848],[863,1820],[827,1769],[764,1857],[686,1816],[624,1764],[617,1974],[617,2173],[660,2262],[678,2299],[830,2242],[939,2191],[1088,2157],[1225,2030],[1262,1915],[1264,1915],[1264,1914],[1289,1832]]]}},{"type":"Feature","id":"ME.UL","properties":{"hc-group":"admin1","hc-middle-x":0.56,"hc-middle-y":0.50,"hc-key":"me-ul","hc-a2":"UL","labelrank":"9","hasc":"ME.UL","alt-name":null,"woe-id":"29389241","subregion":null,"fips":"AL49","postal-code":"UL","name":"Ulcinj","country":"Montenegro","type-en":"Municipality","region":null,"longitude":"19.2564","woe-name":"Ulcinj","latitude":"42.0039","woe-label":"Ulcinj, ME, Montenegro","type":"Op?tina"},"geometry":{"type":"Polygon","coordinates":[[[3238,582],[3359,506],[3288,356],[3262,247],[3255,121],[3269,-1],[3311,-98],[3347,-144],[3320,-251],[3227,-301],[3254,-449],[3217,-558],[3215,-628],[3306,-765],[3302,-999],[3217,-923],[3046,-725],[2966,-684],[2620,-561],[2539,-507],[2424,-461],[2385,-434],[2348,-370],[2355,-300],[2342,-236],[2272,-179],[2238,-129],[2266,-80],[2258,90],[2287,95],[2735,27],[2778,186],[2650,465],[2618,605],[2747,604],[2916,537],[3007,514],[3238,582]]]}},{"type":"Feature","id":"ME.RO","properties":{"hc-group":"admin1","hc-middle-x":0.48,"hc-middle-y":0.48,"hc-key":"me-ro","hc-a2":"RO","labelrank":"9","hasc":"ME.RO","alt-name":null,"woe-id":"29389229","subregion":null,"fips":"AL47","postal-code":"RO","name":"Ro?aje","country":"Montenegro","type-en":"Municipality","region":null,"longitude":"20.2013","woe-name":"Ro?aje","latitude":"42.8615","woe-label":"Ro?aje, ME, Montenegro","type":"Op?tina"},"geometry":{"type":"Polygon","coordinates":[[[6659,4764],[6623,4930],[6668,5237],[6753,5354],[6798,5525],[6842,5649],[6918,5784],[7020,6098],[7073,6080],[7324,6052],[7458,5992],[7701,5813],[7988,5664],[8065,5561],[8071,5403],[8023,5157],[7643,5095],[7462,5029],[7422,5004],[7382,4934],[7377,4753],[7258,4622],[7099,4670],[6924,4778],[6757,4824],[6659,4764]]]}},{"type":"Feature","id":"ME.PV","properties":{"hc-group":"admin1","hc-middle-x":0.50,"hc-middle-y":0.50,"hc-key":"me-pv","hc-a2":"PV","labelrank":"9","hasc":"ME.PV","alt-name":null,"woe-id":"29389239","subregion":null,"fips":"AL49","postal-code":"PV","name":"Plav","country":"Montenegro","type-en":"Municipality","region":null,"longitude":"19.9168","woe-name":"Plav","latitude":"42.5985","woe-label":"Plav, ME, Montenegro","type":"Op?tina"},"geometry":{"type":"Polygon","coordinates":[[[5191,3667],[5270,3703],[5553,3907],[5728,4132],[5943,4292],[5966,4297],[6389,4382],[6567,4405],[6833,4144],[6878,4055],[6814,3892],[6742,3738],[6739,3635],[6751,3545],[6745,3462],[6687,3379],[6567,3451],[6465,3378],[6292,3154],[6172,3121],[5942,3131],[5824,3050],[5779,3008],[5599,2905],[5523,2882],[5437,2893],[5358,2935],[5205,3058],[5126,3257],[5109,3359],[5128,3500],[5186,3610],[5191,3667]]]}},{"type":"Feature","id":"ME.HN","properties":{"hc-group":"admin1","hc-middle-x":0.36,"hc-middle-y":0.38,"hc-key":"me-hn","hc-a2":"HN","labelrank":"9","hasc":"ME.HN","alt-name":null,"woe-id":"29389246","subregion":null,"fips":"HR03","postal-code":"HN","name":"Herceg Novi","country":"Montenegro","type-en":"Municipality","region":null,"longitude":"18.6027","woe-name":"Herceg Novi","latitude":"42.4041","woe-label":"Herceg Novi, ME, Montenegro","type":"Op?tina"},"geometry":{"type":"MultiPolygon","coordinates":[[[[34,2486],[-2,2357],[-71,2385],[-174,2373],[-274,2476],[-387,2538],[-350,2584],[-467,2672],[-502,2737],[-476,2810],[-416,2830],[-31,2690],[-31,2690],[34,2486]]],[[[14,2902],[-198,2867],[-698,2947],[-699,2900],[-612,2832],[-657,2648],[-579,2591],[-670,2625],[-734,2697],[-724,2792],[-746,2864],[-862,2938],[-921,3012],[-968,3098],[-999,3197],[-999,3308],[-966,3513],[-985,3617],[-935,3660],[-881,3681],[-827,3675],[-775,3639],[-726,3645],[-707,3683],[-747,3805],[-650,3858],[-575,3755],[-422,3531],[-302,3453],[-172,3355],[-76,3186],[14,2902]]]]}},{"type":"Feature","id":"ME.KT","properties":{"hc-group":"admin1","hc-middle-x":0.51,"hc-middle-y":0.24,"hc-key":"me-kt","hc-a2":"KT","labelrank":"9","hasc":"ME.KT","alt-name":null,"woe-id":"29389240","subregion":null,"fips":"HR03","postal-code":"KT","name":"Kotor","country":"Montenegro","type-en":"Municipality","region":null,"longitude":"18.65","woe-name":"Kotor","latitude":"42.5415","woe-label":"Kotor, ME, Montenegro","type":"Op?tina"},"geometry":{"type":"Polygon","coordinates":[[[660,2262],[617,2173],[617,1974],[624,1764],[575,1736],[545,1772],[502,1864],[350,1998],[281,2088],[282,2175],[187,2268],[188,2296],[291,2418],[394,2741],[280,2967],[171,3057],[180,3096],[14,2902],[-76,3186],[-172,3355],[-302,3453],[-422,3531],[-575,3755],[-650,3858],[-600,3885],[-498,3980],[-476,4031],[-201,4010],[22,4035],[100,3805],[180,3693],[229,3562],[240,3462],[530,3243],[579,3046],[563,2807],[522,2720],[537,2625],[596,2424],[660,2262]]]}}]}