{"title":"Macedonia","version":"1.1.2","type":"FeatureCollection","copyright":"Copyright (c) 2015 Highsoft AS, Based on data from Natural Earth","copyrightShort":"Natural Earth","copyrightUrl":"http://www.naturalearthdata.com","crs":{"type":"name","properties":{"name":"urn:ogc:def:crs:EPSG:32634"}},"hc-transform":{"default":{"crs":"+proj=utm +zone=34 +datum=WGS84 +units=m +no_defs","scale":0.00327827993997,"jsonres":15.5,"jsonmarginX":-999,"jsonmarginY":9851.0,"xoffset":453643.202526,"yoffset":4691526.21307}},
"features":[{"type":"Feature","id":"MK.VV","properties":{"hc-group":"admin1","hc-middle-x":0.37,"hc-middle-y":0.42,"hc-key":"mk-vv","hc-a2":"VV","labelrank":"10","hasc":"MK.VV","alt-name":null,"woe-id":"24550867","subregion":null,"fips":"MK99","postal-code":"VV","name":"Vev?ani","country":"Macedonia","type-en":"Statistical Region","region":"Southwestern","longitude":"20.5689","woe-name":"Vevcani","latitude":"41.2362","woe-label":"Vevcani Municipality, MK, Macedonia","type":"Statistical Region"},"geometry":{"type":"Polygon","coordinates":[[[-719,3280],[-772,3423],[-792,3506],[-482,3523],[-354,3507],[-252,3479],[-233,3439],[-259,3389],[-369,3340],[-719,3280]]]}},{"type":"Feature","id":"MK.AR","properties":{"hc-group":"admin1","hc-middle-x":0.50,"hc-middle-y":0.50,"hc-key":"mk-ar","hc-a2":"AR","labelrank":"10","hasc":"MK.AR","alt-name":null,"woe-id":"24550745","subregion":null,"fips":"MK01","postal-code":"AR","name":"Aracinovo","country":"Macedonia","type-en":"Statistical Region","region":"Skopje","longitude":"21.5862","woe-name":"Aracinovo Municipality","latitude":"42.0185","woe-label":null,"type":"Statistical Region"},"geometry":{"type":"Polygon","coordinates":[[[3630,8133],[3774,7956],[3866,7951],[3895,8074],[4016,8029],[4021,7965],[3943,7885],[3831,7740],[3752,7725],[3629,7665],[3629,7768],[3678,7828],[3664,7987],[3624,8046],[3630,8133]]]}},{"type":"Feature","id":"MK.LI","properties":{"hc-group":"admin1","hc-middle-x":0.52,"hc-middle-y":0.49,"hc-key":"mk-li","hc-a2":"LI","labelrank":"10","hasc":"MK.LI","alt-name":null,"woe-id":"24550842","subregion":null,"fips":"MK01","postal-code":"LI","name":"Lipkovo","country":"Macedonia","type-en":"Statistical Region","region":"Skopje","longitude":"21.579","woe-name":"Lipkovo","latitude":"42.1401","woe-label":"Lipkovo Municipality, MK, Macedonia","type":"Statistical Region"},"geometry":{"type":"Polygon","coordinates":[[[3895,8074],[3866,7951],[3774,7956],[3630,8133],[3540,8250],[3503,8310],[3431,8441],[3384,8496],[3398,8535],[3510,8608],[3521,8758],[3423,8856],[3378,8931],[3335,9084],[3375,9133],[3450,9082],[3536,9085],[3712,9132],[3767,9103],[3975,9109],[4122,9069],[4195,9066],[4207,8844],[4236,8732],[4229,8663],[4146,8627],[4147,8483],[4062,8504],[4026,8466],[4024,8314],[4007,8256],[3884,8162],[3895,8074]]]}},{"type":"Feature","id":"MK.CZ","properties":{"hc-group":"admin1","hc-middle-x":0.46,"hc-middle-y":0.53,"hc-key":"mk-cz","hc-a2":"CZ","labelrank":"10","hasc":"MK.CZ","alt-name":null,"woe-id":"24550829","subregion":null,"fips":"MK18","postal-code":"CZ","name":"Centar ?upa","country":"Macedonia","type-en":"Statistical Region","region":"Southwestern","longitude":"20.5799","woe-name":"Centar ?upa","latitude":"41.4644","woe-label":"Centar Zupa Municipality, MK, Macedonia","type":"Statistical Region"},"geometry":{"type":"Polygon","coordinates":[[[-601,4366],[-672,4495],[-805,4554],[-843,4736],[-716,4866],[-524,4971],[-475,5053],[-298,5041],[-250,4969],[-224,4863],[-180,4822],[-131,4822],[-100,4721],[-101,4556],[-34,4544],[-9,4491],[-85,4396],[-144,4362],[-540,4375],[-601,4366]]]}},{"type":"Feature","id":"MK.DM","properties":{"hc-group":"admin1","hc-middle-x":0.53,"hc-middle-y":0.43,"hc-key":"mk-dm","hc-a2":"DM","labelrank":"10","hasc":"MK.DM","alt-name":null,"woe-id":"24550759","subregion":null,"fips":"MK24","postal-code":"DM","name":"Demir Hisar","country":"Macedonia","type-en":"Statistical Region","region":"Southwestern","longitude":"21.1238","woe-name":"Demir Hisar Municipality","latitude":"41.2587","woe-label":null,"type":"Statistical Region"},"geometry":{"type":"Polygon","coordinates":[[[1524,3284],[1519,3311],[1491,3357],[1447,3447],[1447,3513],[1369,3578],[1327,3691],[1245,3735],[1173,3804],[1168,3917],[1193,3969],[1289,4040],[1389,4085],[1720,4087],[1853,4195],[1865,4238],[1948,4260],[2079,4184],[2079,4104],[2143,4115],[2257,4104],[2285,4062],[2281,3837],[2289,3815],[2406,3842],[2500,3763],[2532,3623],[2605,3538],[2591,3324],[2544,3292],[2503,3219],[2425,3159],[2338,3129],[2283,3034],[2228,3030],[2163,2991],[2115,2927],[2015,2879],[1914,2866],[1770,2798],[1713,2886],[1690,3047],[1651,3208],[1571,3211],[1524,3284]]]}},{"type":"Feature","id":"MK.OD","properties":{"hc-group":"admin1","hc-middle-x":0.50,"hc-middle-y":0.22,"hc-key":"mk-od","hc-a2":"OD","labelrank":"10","hasc":"MK.OD","alt-name":null,"woe-id":"24550834","subregion":null,"fips":"MK74","postal-code":"OD","name":"Ohrid","country":"Macedonia","type-en":"Statistical Region","region":"Southwestern","longitude":"20.8501","woe-name":"Ohrid","latitude":"41.0273","woe-label":"Ohrid Municipality, MK, Macedonia","type":"Statistical Region"},"geometry":{"type":"Polygon","coordinates":[[[1491,3357],[1519,3311],[1524,3284],[1434,3153],[1343,3084],[1084,2934],[949,2776],[918,2687],[897,2567],[889,2389],[832,2351],[834,2269],[881,2187],[873,2074],[839,2036],[730,2026],[681,1989],[644,1848],[657,1660],[573,1639],[431,1520],[355,1490],[248,1514],[178,1574],[293,1662],[416,1689],[464,1719],[442,1841],[525,2086],[551,2202],[528,2493],[534,2619],[583,2724],[522,2734],[376,2815],[316,2974],[386,3060],[412,3116],[486,3146],[480,3259],[532,3361],[586,3395],[595,3440],[666,3474],[774,3470],[845,3500],[962,3500],[1116,3447],[1227,3371],[1429,3341],[1491,3357]]]}},{"type":"Feature","id":"MK.3086","properties":{"hc-group":"admin1","hc-middle-x":0.44,"hc-middle-y":0.35,"hc-key":"mk-3086","hc-a2":"DE","labelrank":"10","hasc":"MK.","alt-name":null,"woe-id":"24550746","subregion":null,"fips":"MK00","postal-code":null,"name":"Debarca","country":"Macedonia","type-en":"Statistical Region","region":"Southwestern","longitude":"20.8594","woe-name":"Debarca","latitude":"41.3337","woe-label":"Debarca Municipality, MK, Macedonia","type":"Statistical Region"},"geometry":{"type":"Polygon","coordinates":[[[316,2974],[287,3010],[243,3035],[255,3166],[218,3207],[224,3328],[290,3411],[322,3512],[330,3686],[220,3856],[221,3988],[204,4127],[29,4475],[66,4509],[202,4501],[500,4507],[631,4496],[721,4473],[883,4469],[957,4296],[963,4160],[994,4096],[1074,4069],[1168,3917],[1173,3804],[1245,3735],[1327,3691],[1369,3578],[1447,3513],[1447,3447],[1491,3357],[1429,3341],[1227,3371],[1116,3447],[962,3500],[845,3500],[774,3470],[666,3474],[595,3440],[586,3395],[532,3361],[480,3259],[486,3146],[412,3116],[386,3060],[316,2974]]]}},{"type":"Feature","id":"MK.PP","properties":{"hc-group":"admin1","hc-middle-x":0.58,"hc-middle-y":0.52,"hc-key":"mk-pp","hc-a2":"PP","labelrank":"10","hasc":"MK.PP","alt-name":null,"woe-id":"24550799","subregion":null,"fips":"MK82","postal-code":"PP","name":"Prilep","country":"Macedonia","type-en":"Statistical Region","region":"Pelagonia","longitude":"21.6444","woe-name":"Prilep","latitude":"41.2806","woe-label":"Prilep Municipality, MK, Macedonia","type":"Statistical Region"},"geometry":{"type":"Polygon","coordinates":[[[5305,2711],[5203,2620],[5183,2473],[5042,2525],[4918,2640],[4900,2606],[4802,2601],[4707,2641],[4624,2725],[4521,2745],[4379,2812],[4163,2841],[4039,2908],[3979,3006],[3912,2970],[3896,2988],[3721,3037],[3644,3097],[3558,3058],[3464,3060],[3382,3104],[3352,3156],[3233,3172],[3192,3242],[3139,3283],[3089,3363],[3034,3396],[2929,3412],[2909,3480],[2996,3490],[3119,3618],[3139,3754],[3176,3821],[3157,3885],[3071,3893],[3033,3959],[3033,4012],[3100,4071],[3189,4129],[3287,4246],[3375,4246],[3473,4277],[3613,4284],[3707,4370],[3800,4404],[3833,4540],[3915,4599],[4002,4591],[4065,4503],[4167,4523],[4198,4590],[4203,4701],[4228,4732],[4339,4741],[4392,4775],[4575,4685],[4634,4593],[4634,4548],[4729,4445],[4770,4445],[4823,4526],[4824,4237],[4872,4167],[4879,4037],[4856,3990],[4845,3773],[4899,3609],[4936,3598],[5117,3600],[5103,3513],[5056,3423],[5048,3304],[5130,3189],[5126,3008],[5143,2884],[5200,2859],[5283,2857],[5305,2711]]]}},{"type":"Feature","id":"MK.AJ","properties":{"hc-group":"admin1","hc-middle-x":0.49,"hc-middle-y":0.54,"hc-key":"mk-aj","hc-a2":"AJ","labelrank":"10","hasc":"MK.AJ","alt-name":null,"woe-id":"24550803","subregion":null,"fips":"MK90","postal-code":"AJ","name":"Saraj","country":"Macedonia","type-en":"Municipality","region":"Greater Skopje","longitude":"21.2491","woe-name":"Saraj","latitude":"41.975","woe-label":"Skopje, Saraj Municipality, Macedonia","type":"Municipality"},"geometry":{"type":"Polygon","coordinates":[[[2320,8317],[2356,8280],[2389,8274],[2370,8201],[2381,8096],[2410,8023],[2449,8001],[2552,8045],[2587,8006],[2601,7933],[2695,7738],[2759,7656],[2866,7647],[2864,7459],[2872,7442],[2857,7416],[2762,7411],[2609,7306],[2457,7160],[2294,7095],[2272,7041],[2116,7168],[2127,7317],[2156,7467],[2145,7562],[2034,7634],[1939,7673],[1974,7718],[2110,7762],[2074,7871],[2067,7947],[2152,8020],[2135,8120],[2053,8097],[1986,8170],[2050,8216],[2263,8239],[2320,8317]]]}},{"type":"Feature","id":"MK.ST","properties":{"hc-group":"admin1","hc-middle-x":0.53,"hc-middle-y":0.55,"hc-key":"mk-st","hc-a2":"ST","labelrank":"10","hasc":"MK.ST","alt-name":null,"woe-id":"24550807","subregion":null,"fips":"MK98","postal-code":"ST","name":"?tip","country":"Macedonia","type-en":"Statistical Region","region":"Eastern","longitude":"22.1689","woe-name":"?tip","latitude":"41.6824","woe-label":"Stip Municipality, MK, Macedonia","type":"Statistical Region"},"geometry":{"type":"Polygon","coordinates":[[[5989,7012],[6074,7016],[6195,6970],[6129,6911],[6094,6837],[6109,6661],[6175,6524],[6369,6505],[6429,6468],[6561,6339],[6645,6326],[6795,6190],[6844,6127],[6933,6128],[7257,6183],[7279,6157],[7210,6041],[7148,5904],[7070,5900],[6902,5961],[6819,5856],[6888,5677],[6890,5578],[6961,5509],[6796,5313],[6697,5226],[6698,5194],[6585,5183],[6510,5203],[6321,5316],[6306,5434],[6237,5456],[6062,5472],[6020,5652],[5988,5716],[5937,5732],[5890,5636],[5848,5626],[5765,5741],[5683,5759],[5633,5800],[5552,5850],[5423,5856],[5416,5922],[5318,6016],[5333,6088],[5391,6176],[5439,6191],[5532,6106],[5563,6160],[5623,6168],[5614,6239],[5641,6248],[5711,6180],[5764,6168],[5768,6226],[5732,6251],[5767,6296],[5757,6376],[5715,6443],[5731,6481],[5808,6505],[5930,6695],[5981,6728],[5978,6795],[5929,6877],[5931,6941],[5978,6967],[5989,7012]]]}},{"type":"Feature","id":"MK.PT","properties":{"hc-group":"admin1","hc-middle-x":0.40,"hc-middle-y":0.43,"hc-key":"mk-pt","hc-a2":"PT","labelrank":"10","hasc":"MK.PT","alt-name":null,"woe-id":"24550800","subregion":null,"fips":"MK83","postal-code":"PT","name":"Probistip","country":"Macedonia","type-en":"Statistical Region","region":"Northeastern","longitude":"22.174","woe-name":"Probistip","latitude":"41.9372","woe-label":"Probistip Municipality, MK, Macedonia","type":"Statistical Region"},"geometry":{"type":"Polygon","coordinates":[[[6195,6970],[6074,7016],[5989,7012],[5933,7088],[5968,7153],[5968,7214],[5886,7261],[5800,7423],[5626,7555],[5623,7657],[5669,7756],[5698,7764],[5794,7707],[5833,7705],[5867,7814],[5919,7866],[6007,7864],[6248,7956],[6330,7871],[6468,7908],[6514,7845],[6567,7833],[6595,7875],[6593,8044],[6609,8058],[6831,8058],[6944,7976],[6980,7921],[6946,7778],[6864,7732],[6820,7643],[6667,7508],[6648,7476],[6585,7464],[6514,7268],[6418,7188],[6377,7178],[6371,7109],[6522,6916],[6504,6894],[6353,6885],[6308,6904],[6280,6998],[6195,6970]]]}},{"type":"Feature","id":"MK.PE","properties":{"hc-group":"admin1","hc-middle-x":0.51,"hc-middle-y":0.49,"hc-key":"mk-pe","hc-a2":"PE","labelrank":"10","hasc":"MK.PE","alt-name":null,"woe-id":"24550796","subregion":null,"fips":"MK79","postal-code":"PE","name":"Skopje","country":"Macedonia","type-en":"Statistical Region","region":null,"longitude":"21.6898","woe-name":"Skopje","latitude":"41.8999","woe-label":"Petrovec Municipality, MK, Macedonia","type":"Statistical Region"},"geometry":{"type":"Polygon","coordinates":[[[3828,7145],[3755,7151],[3767,7231],[3805,7272],[3813,7285],[4016,7409],[4088,7360],[4196,7370],[4200,7448],[4180,7517],[4247,7650],[4270,7622],[4374,7582],[4432,7505],[4485,7494],[4540,7528],[4650,7531],[4780,7418],[4743,7309],[4741,7247],[4597,7137],[4487,7116],[4460,7084],[4472,6940],[4458,6839],[4411,6666],[4379,6636],[4329,6653],[4282,6719],[4170,6625],[4173,6699],[4125,6681],[4047,6690],[4004,6723],[4038,6791],[4043,7078],[3889,7143],[3828,7145]]]}},{"type":"Feature","id":"MK.SU","properties":{"hc-group":"admin1","hc-middle-x":0.34,"hc-middle-y":0.52,"hc-key":"mk-su","hc-a2":"SU","labelrank":"10","hasc":"MK.SU","alt-name":null,"woe-id":"24550809","subregion":null,"fips":"MKA2","postal-code":"SU","name":"Studenicani","country":"Macedonia","type-en":"Statistical Region","region":"Skopje","longitude":"21.4592","woe-name":"Studenicani","latitude":"41.8317","woe-label":"Studenicani Municipality, MK, Macedonia","type":"Statistical Region"},"geometry":{"type":"Polygon","coordinates":[[[3767,7231],[3755,7151],[3828,7145],[3620,7003],[3609,6924],[3530,6812],[3503,6703],[3440,6705],[3419,6782],[3388,6784],[3326,6682],[3332,6564],[3416,6418],[3397,6294],[3278,6257],[3234,6220],[3160,6065],[3061,5982],[3029,5835],[2986,5854],[2938,5953],[2937,6145],[2900,6188],[2821,6198],[2788,6266],[2803,6415],[2835,6472],[2816,6526],[2758,6563],[2764,6606],[2824,6636],[2872,6855],[2953,6888],[2937,6939],[2795,6960],[2776,7084],[2870,7135],[2972,7125],[3037,7092],[3211,7104],[3242,7314],[3370,7329],[3409,7285],[3410,7163],[3472,7117],[3503,7132],[3539,7228],[3615,7278],[3634,7287],[3692,7330],[3717,7324],[3767,7231]]]}},{"type":"Feature","id":"MK.SL","properties":{"hc-group":"admin1","hc-middle-x":0.55,"hc-middle-y":0.45,"hc-key":"mk-sl","hc-a2":"SL","labelrank":"10","hasc":"MK.SL","alt-name":null,"woe-id":"24550811","subregion":null,"fips":"MKA4","postal-code":"SL","name":"Sveti Nikole","country":"Macedonia","type-en":"Statistical Region","region":"Northeastern","longitude":"21.9509","woe-name":"Sveti Nikole","latitude":"41.8778","woe-label":"Sveti Nikole Municipality, MK, Macedonia","type":"Statistical Region"},"geometry":{"type":"Polygon","coordinates":[[[5041,6797],[4938,6816],[4789,6999],[4742,7175],[4741,7247],[4743,7309],[4780,7418],[4886,7542],[4895,7621],[5007,7732],[5121,7746],[5178,7732],[5276,7605],[5321,7608],[5458,7671],[5505,7751],[5584,7752],[5669,7756],[5623,7657],[5626,7555],[5800,7423],[5886,7261],[5968,7214],[5968,7153],[5933,7088],[5989,7012],[5978,6967],[5931,6941],[5929,6877],[5978,6795],[5981,6728],[5930,6695],[5808,6505],[5731,6481],[5715,6443],[5757,6376],[5767,6296],[5732,6251],[5768,6226],[5764,6168],[5711,6180],[5641,6248],[5505,6351],[5421,6436],[5282,6610],[5246,6639],[5138,6673],[5041,6797]]]}},{"type":"Feature","id":"MK.PN","properties":{"hc-group":"admin1","hc-middle-x":0.36,"hc-middle-y":0.37,"hc-key":"mk-pn","hc-a2":"PN","labelrank":"10","hasc":"MK.PN","alt-name":null,"woe-id":"24550797","subregion":null,"fips":"MK80","postal-code":"PN","name":"Plasnica","country":"Macedonia","type-en":"Statistical Region","region":null,"longitude":"21.1173","woe-name":"Plasnica Municipality","latitude":"41.4424","woe-label":null,"type":"Statistical Region"},"geometry":{"type":"Polygon","coordinates":[[[1659,4507],[1580,4492],[1552,4537],[1524,4676],[1538,4737],[1603,4744],[1680,4721],[1785,4736],[1917,4800],[1990,4785],[1992,4697],[2037,4622],[2172,4571],[2185,4510],[2002,4429],[1924,4373],[1779,4443],[1734,4529],[1659,4507]]]}},{"type":"Feature","id":"MK.VC","properties":{"hc-group":"admin1","hc-middle-x":0.63,"hc-middle-y":0.36,"hc-key":"mk-vc","hc-a2":"VC","labelrank":"10","hasc":"MK.VC","alt-name":null,"woe-id":"24550818","subregion":null,"fips":"MKB6","postal-code":"VC","name":"Vrane?tica","country":"Macedonia","type-en":"Statistical Region","region":"Southwestern","longitude":"21.015","woe-name":"Vranestica Municipality","latitude":"41.4746","woe-label":null,"type":"Statistical Region"},"geometry":{"type":"Polygon","coordinates":[[[1680,4721],[1603,4744],[1538,4737],[1524,4676],[1552,4537],[1580,4492],[1659,4507],[1657,4454],[1538,4409],[1376,4412],[1339,4514],[1228,4590],[1211,4714],[1253,4735],[1334,4903],[1379,4933],[1452,4940],[1543,5031],[1583,5163],[1724,5261],[1786,5359],[1815,5238],[1889,5156],[1983,5103],[1847,4929],[1759,4842],[1688,4812],[1680,4721]]]}},{"type":"Feature","id":"MK.BU","properties":{"hc-group":"admin1","hc-middle-x":0.71,"hc-middle-y":0.31,"hc-key":"mk-bu","hc-a2":"BU","labelrank":"10","hasc":"MK.BU","alt-name":null,"woe-id":"55848399","subregion":null,"fips":"MK13","postal-code":"BU","name":"Butel","country":"Macedonia","type-en":"Municipality","region":"Greater Skopje","longitude":"21.4665","woe-name":"Butel Municipality","latitude":"42.0738","woe-label":null,"type":"Municipality"},"geometry":{"type":"Polygon","coordinates":[[[3398,8535],[3384,8496],[3431,8441],[3503,8310],[3453,8279],[3376,8181],[3330,8090],[3320,7978],[3321,7783],[3295,7727],[3233,7718],[3158,7766],[3157,7750],[3137,7732],[3037,7748],[2962,7856],[2991,7895],[3039,7878],[3101,7779],[3149,7791],[3136,7912],[3195,7922],[3184,8117],[3194,8243],[3214,8319],[3312,8522],[3398,8535]]]}},{"type":"Feature","id":"MK.CI","properties":{"hc-group":"admin1","hc-middle-x":0.51,"hc-middle-y":0.50,"hc-key":"mk-ci","hc-a2":"CI","labelrank":"10","hasc":"MK.CI","alt-name":null,"woe-id":"24550752","subregion":null,"fips":"MKA3","postal-code":"CI","name":"Cair","country":"Macedonia","type-en":"Municipality","region":"Greater Skopje","longitude":"21.4367","woe-name":"Cair Municipality","latitude":"41.9946","woe-label":null,"type":"Municipality"},"geometry":{"type":"Polygon","coordinates":[[[3157,7750],[3158,7766],[3233,7718],[3233,7691],[3227,7637],[3218,7643],[3202,7637],[3189,7663],[3155,7659],[3156,7706],[3157,7750]]]}},{"type":"Feature","id":"MK.NG","properties":{"hc-group":"admin1","hc-middle-x":0.39,"hc-middle-y":0.45,"hc-key":"mk-ng","hc-a2":"NG","labelrank":"10","hasc":"MK.NG","alt-name":null,"woe-id":"24550790","subregion":null,"fips":"MK69","postal-code":"NG","name":"Negotino","country":"Macedonia","type-en":"Statistical Region","region":"Vardar","longitude":"22.1394","woe-name":"Negotino","latitude":"41.3722","woe-label":"Negotino Municipality, MK, Macedonia","type":"Statistical Region"},"geometry":{"type":"Polygon","coordinates":[[[5524,5229],[5582,5217],[5606,5089],[5660,5092],[5702,5197],[5661,5289],[5727,5424],[5695,5500],[5543,5452],[5501,5493],[5524,5597],[5579,5644],[5636,5765],[5633,5800],[5683,5759],[5765,5741],[5848,5626],[5890,5636],[5937,5732],[5988,5716],[6020,5652],[6062,5472],[6237,5456],[6306,5434],[6321,5316],[6510,5203],[6585,5183],[6698,5194],[6773,5109],[6862,4960],[6871,4890],[6754,4788],[6702,4693],[6641,4704],[6531,4762],[6486,4804],[6423,4812],[6306,4702],[6220,4449],[6152,4409],[6133,4370],[6211,4244],[6178,4100],[6115,4085],[5968,4088],[5901,4128],[5891,4234],[5854,4298],[5833,4384],[5830,4584],[5784,4797],[5785,4913],[5719,4961],[5642,4928],[5559,4925],[5529,4950],[5528,4950],[5532,5052],[5523,5228],[5524,5229]]]}},{"type":"Feature","id":"MK.RM","properties":{"hc-group":"admin1","hc-middle-x":0.53,"hc-middle-y":0.54,"hc-key":"mk-rm","hc-a2":"RM","labelrank":"10","hasc":"MK.RM","alt-name":null,"woe-id":"24550801","subregion":null,"fips":"MK87","postal-code":"RM","name":"Vardar","country":"Macedonia","type-en":"Statistical Region","region":null,"longitude":"21.8972","woe-name":"Vardar","latitude":"41.477","woe-label":"Rosoman Municipality, MK, Macedonia","type":"Statistical Region"},"geometry":{"type":"Polygon","coordinates":[[[5524,5229],[5532,5052],[5529,4950],[5514,4915],[5503,4889],[5498,4721],[5425,4674],[5384,4599],[5262,4664],[5205,4643],[5197,4571],[5167,4547],[4976,4534],[4900,4542],[4793,4680],[4800,4775],[4818,4857],[4868,4906],[4937,4912],[4969,4950],[4953,5097],[4996,5112],[5117,5050],[5181,5051],[5272,5176],[5348,5142],[5409,5143],[5419,5224],[5455,5247],[5474,5242],[5520,5230],[5524,5229]]]}},{"type":"Feature","id":"MK.CE","properties":{"hc-group":"admin1","hc-middle-x":0.45,"hc-middle-y":0.44,"hc-key":"mk-ce","hc-a2":"CE","labelrank":"10","hasc":"MK.CE","alt-name":null,"woe-id":"24550756","subregion":null,"fips":"MK17","postal-code":"CE","name":"Centar","country":"Macedonia","type-en":"Municipality","region":"Greater Skopje","longitude":"21.4226","woe-name":"Centar Municipality","latitude":"41.9752","woe-label":null,"type":"Municipality"},"geometry":{"type":"Polygon","coordinates":[[[3155,7659],[3189,7663],[3202,7637],[3176,7586],[3186,7575],[3166,7552],[3158,7481],[3082,7555],[3093,7619],[3155,7659]]]}},{"type":"Feature","id":"MK.ZR","properties":{"hc-group":"admin1","hc-middle-x":0.52,"hc-middle-y":0.54,"hc-key":"mk-zr","hc-a2":"ZR","labelrank":"10","hasc":"MK.ZR","alt-name":null,"woe-id":"24550824","subregion":null,"fips":"MK19","postal-code":"ZR","name":"Zrnovci","country":"Macedonia","type-en":"Statistical Region","region":null,"longitude":"22.4027","woe-name":"Zrnovci Municipality","latitude":"41.8224","woe-label":null,"type":"Statistical Region"},"geometry":{"type":"Polygon","coordinates":[[[7229,6605],[7183,6690],[7092,6789],[7079,6910],[7149,6914],[7223,6987],[7311,6956],[7358,7031],[7410,7044],[7446,6987],[7466,6882],[7472,6722],[7464,6592],[7359,6593],[7229,6605]]]}},{"type":"Feature","id":"MK.CH","properties":{"hc-group":"admin1","hc-middle-x":0.43,"hc-middle-y":0.54,"hc-key":"mk-ch","hc-a2":"CH","labelrank":"10","hasc":"MK.CH","alt-name":null,"woe-id":"24550757","subregion":null,"fips":"MK19","postal-code":"CH","name":"Ce?inovo-Oble?evo","country":"Macedonia","type-en":"Statistical Region","region":"Eastern","longitude":"22.2896","woe-name":"Cesinovo-Oblesevo Municipality","latitude":"41.8644","woe-label":null,"type":"Statistical Region"},"geometry":{"type":"Polygon","coordinates":[[[7079,6910],[7092,6789],[7183,6690],[7229,6605],[7216,6584],[7127,6590],[7033,6681],[6935,6675],[6770,6701],[6658,6780],[6522,6916],[6371,7109],[6377,7178],[6418,7188],[6514,7268],[6585,7464],[6648,7476],[6721,7357],[6787,7314],[6950,7321],[6938,7230],[6943,7097],[6992,6960],[7079,6910]]]}},{"type":"Feature","id":"MK.CS","properties":{"hc-group":"admin1","hc-middle-x":0.44,"hc-middle-y":0.45,"hc-key":"mk-cs","hc-a2":"CS","labelrank":"10","hasc":"MK.CS","alt-name":null,"woe-id":"24550830","subregion":null,"fips":"MK20","postal-code":"CS","name":"Cucer Sandevo","country":"Macedonia","type-en":"Statistical Region","region":"Skopje","longitude":"21.3885","woe-name":"Cucer Sandevo","latitude":"42.1353","woe-label":"Cucer-Sandevo Municipality, MK, Macedonia","type":"Statistical Region"},"geometry":{"type":"Polygon","coordinates":[[[2991,7895],[2962,7856],[2917,7891],[2868,7897],[2867,7976],[2794,8136],[2665,8261],[2620,8287],[2618,8414],[2590,8522],[2595,8572],[2840,8951],[2895,8996],[2968,9002],[3114,8947],[3159,8952],[3117,9088],[3186,9127],[3273,9072],[3335,9084],[3378,8931],[3423,8856],[3521,8758],[3510,8608],[3398,8535],[3312,8522],[3214,8319],[3194,8243],[3184,8117],[3195,7922],[3136,7912],[3058,8030],[2994,7991],[2991,7895]]]}},{"type":"Feature","id":"MK.GB","properties":{"hc-group":"admin1","hc-middle-x":0.44,"hc-middle-y":0.38,"hc-key":"mk-gb","hc-a2":"GB","labelrank":"10","hasc":"MK.GB","alt-name":null,"woe-id":"24550766","subregion":null,"fips":"MK32","postal-code":"GB","name":"Gazi Baba","country":"Macedonia","type-en":"Municipality","region":"Greater Skopje","longitude":"21.5136","woe-name":"Gazi Baba Municipality","latitude":"42.0259","woe-label":null,"type":"Municipality"},"geometry":{"type":"Polygon","coordinates":[[[3813,7285],[3805,7272],[3767,7231],[3717,7324],[3692,7330],[3656,7387],[3583,7442],[3468,7497],[3379,7567],[3227,7637],[3233,7691],[3233,7718],[3295,7727],[3321,7783],[3320,7978],[3330,8090],[3376,8181],[3453,8279],[3503,8310],[3540,8250],[3630,8133],[3624,8046],[3664,7987],[3678,7828],[3629,7768],[3629,7665],[3589,7599],[3600,7561],[3766,7458],[3806,7383],[3813,7285]]]}},{"type":"Feature","id":"MK.GR","properties":{"hc-group":"admin1","hc-middle-x":0.46,"hc-middle-y":0.58,"hc-key":"mk-gr","hc-a2":"GR","labelrank":"10","hasc":"MK.GR","alt-name":null,"woe-id":"24550768","subregion":null,"fips":"MK35","postal-code":"GR","name":"Gradsko","country":"Macedonia","type-en":"Statistical Region","region":"Vardar","longitude":"21.9019","woe-name":"Gradsko","latitude":"41.5864","woe-label":"Gradsko Municipality, MK, Macedonia","type":"Statistical Region"},"geometry":{"type":"Polygon","coordinates":[[[5423,5856],[5552,5850],[5633,5800],[5636,5765],[5579,5644],[5524,5597],[5501,5493],[5543,5452],[5695,5500],[5727,5424],[5661,5289],[5702,5197],[5660,5092],[5606,5089],[5582,5217],[5524,5229],[5523,5228],[5520,5230],[5490,5248],[5474,5242],[5419,5224],[5409,5143],[5348,5142],[5272,5176],[5181,5051],[5117,5050],[4996,5112],[4953,5097],[4969,4950],[4937,4912],[4868,4906],[4818,4857],[4702,4925],[4689,4975],[4697,5086],[4772,5192],[4755,5281],[4652,5352],[4626,5389],[4631,5498],[4657,5606],[4768,5617],[4808,5682],[4877,5848],[4983,5967],[4998,6123],[5015,6170],[5088,6163],[5127,6030],[5130,5922],[5164,5786],[5244,5758],[5321,5754],[5423,5856]]]}},{"type":"Feature","id":"MK.LO","properties":{"hc-group":"admin1","hc-middle-x":0.42,"hc-middle-y":0.44,"hc-key":"mk-lo","hc-a2":"LO","labelrank":"10","hasc":"MK.LO","alt-name":null,"woe-id":"24550785","subregion":null,"fips":"MK35","postal-code":"LO","name":"Lozovo","country":"Macedonia","type-en":"Statistical Region","region":"Vardar","longitude":"21.915","woe-name":"Lozovo Municipality","latitude":"41.7258","woe-label":null,"type":"Statistical Region"},"geometry":{"type":"Polygon","coordinates":[[[4938,6816],[4939,6815],[5041,6797],[5138,6673],[5246,6639],[5282,6610],[5421,6436],[5505,6351],[5641,6248],[5614,6239],[5623,6168],[5563,6160],[5532,6106],[5439,6191],[5391,6176],[5333,6088],[5318,6016],[5416,5922],[5423,5856],[5321,5754],[5244,5758],[5164,5786],[5130,5922],[5127,6030],[5088,6163],[5015,6170],[4998,6123],[4927,6248],[4845,6260],[4843,6326],[4886,6421],[4895,6490],[4809,6600],[4814,6645],[4925,6764],[4938,6816]]]}},{"type":"Feature","id":"MK.DK","properties":{"hc-group":"admin1","hc-middle-x":0.57,"hc-middle-y":0.52,"hc-key":"mk-dk","hc-a2":"DK","labelrank":"10","hasc":"MK.DK","alt-name":null,"woe-id":"24550760","subregion":null,"fips":"MK25","postal-code":"DK","name":"Demir Kapija","country":"Macedonia","type-en":"Statistical Region","region":"Southeastern","longitude":"22.2161","woe-name":"Demir Kapija","latitude":"41.3739","woe-label":"Demir Kapija Municipality, MK, Macedonia","type":"Statistical Region"},"geometry":{"type":"Polygon","coordinates":[[[6871,4890],[7007,4813],[7020,4730],[6977,4659],[7004,4527],[6982,4400],[7036,4264],[7035,4191],[7088,4089],[7086,3975],[6887,3965],[6810,3854],[6559,3696],[6412,3694],[6280,3779],[6238,3871],[6187,3886],[5968,4088],[6115,4085],[6178,4100],[6211,4244],[6133,4370],[6152,4409],[6220,4449],[6306,4702],[6423,4812],[6486,4804],[6531,4762],[6641,4704],[6702,4693],[6754,4788],[6871,4890]]]}},{"type":"Feature","id":"MK.KN","properties":{"hc-group":"admin1","hc-middle-x":0.50,"hc-middle-y":0.51,"hc-key":"mk-kn","hc-a2":"KN","labelrank":"10","hasc":"MK.KN","alt-name":null,"woe-id":"24550778","subregion":null,"fips":"MK35","postal-code":"KN","name":"Konce","country":"Macedonia","type-en":"Statistical Region","region":"Southeastern","longitude":"22.384","woe-name":"Konce Municipality","latitude":"41.5123","woe-label":null,"type":"Statistical Region"},"geometry":{"type":"Polygon","coordinates":[[[7004,4527],[6977,4659],[7020,4730],[7007,4813],[6871,4890],[6862,4960],[6773,5109],[6698,5194],[6697,5226],[6796,5313],[6961,5509],[7071,5481],[7142,5421],[7368,5406],[7464,5313],[7562,5181],[7553,5122],[7509,5065],[7733,5006],[7731,4878],[7759,4776],[7735,4720],[7632,4742],[7522,4695],[7493,4655],[7338,4665],[7152,4616],[7049,4574],[7004,4527]]]}},{"type":"Feature","id":"MK.KX","properties":{"hc-group":"admin1","hc-middle-x":0.50,"hc-middle-y":0.67,"hc-key":"mk-kx","hc-a2":"KX","labelrank":"10","hasc":"MK.KX","alt-name":null,"woe-id":"24550773","subregion":null,"fips":"MK41","postal-code":"KX","name":"Karpo?","country":"Macedonia","type-en":"Municipality","region":"Greater Skopje","longitude":"21.3888","woe-name":"Karpo?","latitude":"41.9774","woe-label":"Skopje, Karpos Municipality, Macedonia","type":"Municipality"},"geometry":{"type":"Polygon","coordinates":[[[3157,7750],[3156,7706],[3155,7659],[3093,7619],[3082,7555],[3158,7481],[3156,7461],[3161,7426],[2880,7425],[2872,7442],[2864,7459],[2866,7647],[2868,7732],[2868,7897],[2917,7891],[2962,7856],[3037,7748],[3137,7732],[3157,7750]]]}},{"type":"Feature","id":"MK.CA","properties":{"hc-group":"admin1","hc-middle-x":0.44,"hc-middle-y":0.46,"hc-key":"mk-ca","hc-a2":"CA","labelrank":"10","hasc":"MK.CA","alt-name":null,"woe-id":"24550754","subregion":null,"fips":"MK15","postal-code":"CA","name":"Ca?ka","country":"Macedonia","type-en":"Statistical Region","region":"Vardar","longitude":"21.5939","woe-name":"Ca?ka","latitude":"41.5807","woe-label":"Caska Municipality, MK, Macedonia","type":"Statistical Region"},"geometry":{"type":"Polygon","coordinates":[[[4793,4680],[4719,4716],[4634,4593],[4575,4685],[4392,4775],[4339,4741],[4228,4732],[4203,4701],[4198,4590],[4167,4523],[4065,4503],[4002,4591],[3915,4599],[3842,4696],[3690,4733],[3648,4769],[3616,4877],[3427,4859],[3383,4881],[3326,4964],[3319,5097],[3287,5216],[3241,5233],[3149,5376],[2978,5437],[2942,5436],[2947,5576],[2933,5658],[3008,5745],[3029,5835],[3061,5982],[3160,6065],[3234,6220],[3278,6257],[3397,6294],[3422,6270],[3737,6282],[3769,6273],[3859,6085],[3905,6068],[3938,6095],[4194,6026],[4236,5870],[4272,5816],[4290,5705],[4357,5678],[4408,5728],[4444,5711],[4456,5568],[4493,5526],[4631,5498],[4626,5389],[4652,5352],[4755,5281],[4772,5192],[4697,5086],[4689,4975],[4702,4925],[4818,4857],[4800,4775],[4793,4680]]]}},{"type":"Feature","id":"MK.AV","properties":{"hc-group":"admin1","hc-middle-x":0.42,"hc-middle-y":0.54,"hc-key":"mk-av","hc-a2":"AV","labelrank":"10","hasc":"MK.AV","alt-name":null,"woe-id":"24550774","subregion":null,"fips":"MK42","postal-code":"AV","name":"Kavadartsi","country":"Macedonia","type-en":"Statistical Region","region":"Vardar","longitude":"22.0373","woe-name":"Kavadartsi","latitude":"41.3234","woe-label":"Kavadarci Municipality, MK, Macedonia","type":"Statistical Region"},"geometry":{"type":"Polygon","coordinates":[[[4634,4593],[4719,4716],[4793,4680],[4900,4542],[4976,4534],[5167,4547],[5197,4571],[5205,4643],[5262,4664],[5384,4599],[5425,4674],[5498,4721],[5514,4915],[5515,4936],[5528,4950],[5529,4950],[5559,4925],[5642,4928],[5719,4961],[5785,4913],[5784,4797],[5830,4584],[5833,4384],[5854,4298],[5891,4234],[5901,4128],[5968,4088],[6187,3886],[6238,3871],[6280,3779],[6412,3694],[6559,3696],[6810,3854],[6834,3802],[6845,3633],[6890,3622],[6900,3574],[6783,3489],[6680,3459],[6732,3221],[6533,3188],[6506,3095],[6530,3031],[6401,3025],[6304,2978],[6152,2837],[6063,2804],[5889,2890],[5857,2961],[5826,2972],[5745,2896],[5473,2813],[5305,2711],[5283,2857],[5200,2859],[5143,2884],[5126,3008],[5130,3189],[5048,3304],[5056,3423],[5103,3513],[5117,3600],[4936,3598],[4899,3609],[4845,3773],[4856,3990],[4879,4037],[4872,4167],[4824,4237],[4823,4526],[4770,4445],[4729,4445],[4634,4548],[4634,4593]]]}},{"type":"Feature","id":"MK.AD","properties":{"hc-group":"admin1","hc-middle-x":0.36,"hc-middle-y":0.38,"hc-key":"mk-ad","hc-a2":"AD","labelrank":"10","hasc":"MK.AD","alt-name":null,"woe-id":"55848400","subregion":null,"fips":"MK44","postal-code":"AD","name":"Aerodrom","country":"Macedonia","type-en":"Municipality","region":"Greater Skopje","longitude":"21.4932","woe-name":"Aerodrom Municipality","latitude":"41.9517","woe-label":null,"type":"Municipality"},"geometry":{"type":"Polygon","coordinates":[[[3186,7575],[3176,7586],[3202,7637],[3218,7643],[3227,7637],[3379,7567],[3468,7497],[3583,7442],[3656,7387],[3692,7330],[3634,7287],[3615,7278],[3516,7379],[3370,7427],[3275,7524],[3223,7531],[3186,7575]]]}},{"type":"Feature","id":"MK.SS","properties":{"hc-group":"admin1","hc-middle-x":0.33,"hc-middle-y":0.44,"hc-key":"mk-ss","hc-a2":"SS","labelrank":"10","hasc":"MK.SS","alt-name":null,"woe-id":"24550804","subregion":null,"fips":"MK92","postal-code":"SS","name":"Sopiste","country":"Macedonia","type-en":"Statistical Region","region":"Skopje","longitude":"21.332","woe-name":"Sopiste","latitude":"41.8337","woe-label":"Sopiste Municipality, MK, Macedonia","type":"Statistical Region"},"geometry":{"type":"Polygon","coordinates":[[[3161,7426],[3224,7412],[3242,7314],[3211,7104],[3037,7092],[2972,7125],[2870,7135],[2776,7084],[2795,6960],[2937,6939],[2953,6888],[2872,6855],[2824,6636],[2764,6606],[2758,6563],[2816,6526],[2835,6472],[2803,6415],[2788,6266],[2821,6198],[2726,6186],[2644,6258],[2578,6386],[2438,6595],[2343,6700],[2363,6777],[2372,6918],[2301,6968],[2272,7041],[2294,7095],[2457,7160],[2609,7306],[2762,7411],[2857,7416],[2872,7442],[2880,7425],[3161,7426]]]}},{"type":"Feature","id":"MK.VD","properties":{"hc-group":"admin1","hc-middle-x":0.56,"hc-middle-y":0.57,"hc-key":"mk-vd","hc-a2":"VD","labelrank":"10","hasc":"MK.VD","alt-name":null,"woe-id":"24550756","subregion":null,"fips":"MK44","postal-code":"VD","name":"Kisela Voda","country":"Macedonia","type-en":"Municipality","region":"Greater Skopje","longitude":"21.4817","woe-name":"Skopje","latitude":"41.9346","woe-label":"Skopje, Centar Municipality, Macedonia","type":"Municipality"},"geometry":{"type":"Polygon","coordinates":[[[3242,7314],[3224,7412],[3161,7426],[3156,7461],[3158,7481],[3166,7552],[3186,7575],[3223,7531],[3275,7524],[3370,7427],[3516,7379],[3615,7278],[3539,7228],[3503,7132],[3472,7117],[3410,7163],[3409,7285],[3370,7329],[3242,7314]]]}},{"type":"Feature","id":"MK.KY","properties":{"hc-group":"admin1","hc-middle-x":0.29,"hc-middle-y":0.51,"hc-key":"mk-ky","hc-a2":"KY","labelrank":"10","hasc":"MK.KY","alt-name":null,"woe-id":"24550780","subregion":null,"fips":"MK51","postal-code":"KY","name":"Kratovo","country":"Macedonia","type-en":"Statistical Region","region":"Northeastern","longitude":"22.138","woe-name":"Kratovo","latitude":"42.0592","woe-label":"Kratovo Municipality, MK, Macedonia","type":"Statistical Region"},"geometry":{"type":"Polygon","coordinates":[[[5669,7756],[5584,7752],[5505,7751],[5493,7794],[5393,7880],[5361,8012],[5254,8019],[5232,8083],[5305,8199],[5331,8301],[5438,8328],[5518,8472],[5516,8667],[5537,8682],[5653,8678],[5720,8610],[5773,8598],[5796,8483],[5891,8479],[5960,8445],[6008,8384],[6155,8265],[6225,8269],[6358,8322],[6368,8427],[6411,8444],[6430,8397],[6602,8400],[6718,8430],[6744,8456],[6818,8403],[6893,8385],[7015,8307],[7049,8172],[6980,7921],[6944,7976],[6831,8058],[6609,8058],[6593,8044],[6595,7875],[6567,7833],[6514,7845],[6468,7908],[6330,7871],[6248,7956],[6007,7864],[5919,7866],[5867,7814],[5833,7705],[5794,7707],[5698,7764],[5669,7756]]]}},{"type":"Feature","id":"MK.TL","properties":{"hc-group":"admin1","hc-middle-x":0.49,"hc-middle-y":0.54,"hc-key":"mk-tl","hc-a2":"TL","labelrank":"10","hasc":"MK.TL","alt-name":null,"woe-id":"24550747","subregion":null,"fips":"MK06","postal-code":"TL","name":"Bitola","country":"Macedonia","type-en":"Statistical Region","region":"Pelagonia","longitude":"21.2925","woe-name":"Bitola","latitude":"41.0402","woe-label":"Bitola Municipality, MK, Macedonia","type":"Statistical Region"},"geometry":{"type":"Polygon","coordinates":[[[2591,3324],[2612,3331],[2694,3277],[2732,3223],[2695,3104],[2695,3048],[2733,2948],[2771,2904],[2895,2833],[2906,2758],[2900,2608],[2965,2536],[3022,2528],[3097,2578],[3192,2567],[3158,2427],[3164,2328],[3228,2250],[3243,2077],[3335,2053],[3353,2013],[3512,1820],[3544,1654],[3521,1536],[3194,1579],[3089,1577],[2988,1531],[2833,1375],[2767,1337],[2621,1306],[2474,1305],[2409,1318],[2474,1565],[2419,1619],[2424,1691],[2382,1780],[2234,1797],[2234,1841],[2169,1944],[2112,1975],[1933,1971],[1901,1998],[1891,2077],[1805,2190],[1794,2290],[1701,2318],[1672,2352],[1688,2472],[1766,2536],[1808,2609],[1808,2725],[1770,2798],[1914,2866],[2015,2879],[2115,2927],[2163,2991],[2228,3030],[2283,3034],[2338,3129],[2425,3159],[2503,3219],[2544,3292],[2591,3324]]]}},{"type":"Feature","id":"MK.KS","properties":{"hc-group":"admin1","hc-middle-x":0.58,"hc-middle-y":0.39,"hc-key":"mk-ks","hc-a2":"KS","labelrank":"10","hasc":"MK.KS","alt-name":null,"woe-id":"24550782","subregion":null,"fips":"MK54","postal-code":"KS","name":"Kru?evo","country":"Macedonia","type-en":"Statistical Region","region":"Pelagonia","longitude":"21.2328","woe-name":"Kru?evo","latitude":"41.3734","woe-label":"Krusevo Municipality, MK, Macedonia","type":"Statistical Region"},"geometry":{"type":"Polygon","coordinates":[[[2694,3277],[2612,3331],[2591,3324],[2605,3538],[2532,3623],[2500,3763],[2406,3842],[2289,3815],[2281,3837],[2285,4062],[2257,4104],[2143,4115],[2079,4104],[2079,4184],[1948,4260],[1913,4350],[1924,4373],[2002,4429],[2185,4510],[2378,4586],[2403,4752],[2458,4753],[2529,4647],[2636,4520],[2632,4459],[2491,4462],[2472,4400],[2520,4376],[2675,4208],[2669,3999],[2769,3852],[2770,3736],[2726,3617],[2781,3574],[2729,3561],[2648,3328],[2694,3277]]]}},{"type":"Feature","id":"MK.UM","properties":{"hc-group":"admin1","hc-middle-x":0.42,"hc-middle-y":0.62,"hc-key":"mk-um","hc-a2":"UM","labelrank":"10","hasc":"MK.UM","alt-name":null,"woe-id":"24550832","subregion":null,"fips":"MK57","postal-code":"UM","name":"Kumanovo","country":"Macedonia","type-en":"Statistical Region","region":"Northeastern","longitude":"21.7923","woe-name":"Kumanovo","latitude":"42.0293","woe-label":"Kumanovo Municipality, MK, Macedonia","type":"Statistical Region"},"geometry":{"type":"Polygon","coordinates":[[[4021,7965],[4016,8029],[3895,8074],[3884,8162],[4007,8256],[4024,8314],[4026,8466],[4062,8504],[4147,8483],[4146,8627],[4229,8663],[4236,8732],[4207,8844],[4195,9066],[4258,9107],[4318,9181],[4372,9215],[4506,9123],[4608,9087],[4636,9054],[4629,8980],[4543,8948],[4533,8873],[4558,8833],[4561,8721],[4533,8670],[4532,8518],[4547,8473],[4655,8334],[4722,8321],[4742,8352],[4853,8406],[4963,8427],[5001,8388],[5116,8352],[5164,8355],[5194,8435],[5282,8442],[5331,8301],[5305,8199],[5232,8083],[5254,8019],[5361,8012],[5393,7880],[5493,7794],[5505,7751],[5458,7671],[5321,7608],[5276,7605],[5178,7732],[5121,7746],[5007,7732],[4895,7621],[4886,7542],[4780,7418],[4650,7531],[4540,7528],[4485,7494],[4432,7505],[4374,7582],[4270,7622],[4247,7650],[4241,7818],[4184,7817],[4034,7931],[4021,7965]]]}},{"type":"Feature","id":"MK.ZE","properties":{"hc-group":"admin1","hc-middle-x":0.53,"hc-middle-y":0.45,"hc-key":"mk-ze","hc-a2":"ZE","labelrank":"10","hasc":"MK.ZE","alt-name":null,"woe-id":"24550821","subregion":null,"fips":"MKC3","postal-code":"ZE","name":"?elino","country":"Macedonia","type-en":"Statistical Region","region":"Polog","longitude":"21.1277","woe-name":"?elino","latitude":"41.9157","woe-label":"Zelino Municipality, MK, Macedonia","type":"Statistical Region"},"geometry":{"type":"Polygon","coordinates":[[[2343,6700],[2270,6733],[2171,6812],[2132,6822],[2109,6910],[2047,6898],[2030,6842],[1895,6838],[1813,6909],[1655,6920],[1666,7068],[1703,7075],[1694,7169],[1599,7192],[1590,7324],[1531,7339],[1441,7463],[1471,7505],[1556,7531],[1559,7573],[1500,7599],[1418,7701],[1489,7772],[1577,7733],[1677,7733],[1662,7649],[1828,7624],[1872,7671],[1939,7673],[2034,7634],[2145,7562],[2156,7467],[2127,7317],[2116,7168],[2272,7041],[2301,6968],[2372,6918],[2363,6777],[2343,6700]]]}},{"type":"Feature","id":"MK.MD","properties":{"hc-group":"admin1","hc-middle-x":0.52,"hc-middle-y":0.46,"hc-key":"mk-md","hc-a2":"MD","labelrank":"10","hasc":"MK.MD","alt-name":null,"woe-id":"24550786","subregion":null,"fips":"MK63","postal-code":"MD","name":"Brod","country":"Macedonia","type-en":"Statistical Region","region":"Polog","longitude":"21.2133","woe-name":"Brod","latitude":"41.6303","woe-label":"Makedonski Brod Municipality, MK, Macedonia","type":"Statistical Region"},"geometry":{"type":"Polygon","coordinates":[[[2132,6822],[2171,6812],[2270,6733],[2343,6700],[2438,6595],[2578,6386],[2644,6258],[2726,6186],[2821,6198],[2900,6188],[2937,6145],[2938,5953],[2986,5854],[3029,5835],[3008,5745],[2933,5658],[2947,5576],[2942,5436],[2909,5436],[2899,5264],[2872,5198],[2779,5084],[2744,5003],[2749,4856],[2628,4911],[2579,4903],[2544,4842],[2460,4808],[2458,4753],[2403,4752],[2378,4586],[2185,4510],[2172,4571],[2037,4622],[1992,4697],[1990,4785],[1917,4800],[1785,4736],[1680,4721],[1688,4812],[1759,4842],[1847,4929],[1983,5103],[1889,5156],[1815,5238],[1786,5359],[1792,5593],[1769,5638],[1710,5665],[1619,5668],[1580,5741],[1602,5823],[1594,5921],[1548,6015],[1543,6109],[1483,6196],[1557,6268],[1557,6408],[1579,6460],[1690,6473],[1748,6487],[1808,6544],[1878,6657],[1977,6766],[2058,6827],[2132,6822]]]}},{"type":"Feature","id":"MK.GP","properties":{"hc-group":"admin1","hc-middle-x":0.38,"hc-middle-y":0.26,"hc-key":"mk-gp","hc-a2":"GP","labelrank":"10","hasc":"MK.GP","alt-name":null,"woe-id":"24550839","subregion":null,"fips":"MK00","postal-code":"GP","name":"Gjorce Petrov","country":"Macedonia","type-en":"Municipality","region":"Greater Skopje","longitude":"21.3002","woe-name":"Gjorce Petrov Municipality","latitude":"42.064","woe-label":null,"type":"Municipality"},"geometry":{"type":"Polygon","coordinates":[[[2868,7897],[2868,7732],[2866,7647],[2759,7656],[2695,7738],[2601,7933],[2587,8006],[2552,8045],[2449,8001],[2410,8023],[2381,8096],[2370,8201],[2389,8274],[2570,8238],[2620,8287],[2665,8261],[2794,8136],[2867,7976],[2868,7897]]]}},{"type":"Feature","id":"MK.KH","properties":{"hc-group":"admin1","hc-middle-x":0.51,"hc-middle-y":0.40,"hc-key":"mk-kh","hc-a2":"KH","labelrank":"10","hasc":"MK.KH","alt-name":null,"woe-id":"24550775","subregion":null,"fips":"MK43","postal-code":"KH","name":"Kicevo","country":"Macedonia","type-en":"Statistical Region","region":"Southwestern","longitude":"20.9511","woe-name":"Kicevo","latitude":"41.517","woe-label":"Kicevo Municipality, MK, Macedonia","type":"Statistical Region"},"geometry":{"type":"Polygon","coordinates":[[[1379,4933],[1334,4903],[1253,4735],[1172,4812],[1050,4857],[985,4899],[931,4963],[920,5029],[939,5103],[1010,5118],[1130,5186],[1218,5190],[1248,5072],[1322,5099],[1379,5031],[1379,4933]]]}},{"type":"Feature","id":"MK.OS","properties":{"hc-group":"admin1","hc-middle-x":0.54,"hc-middle-y":0.41,"hc-key":"mk-os","hc-a2":"OS","labelrank":"10","hasc":"MK.OS","alt-name":"Oslomej","woe-id":"24550795","subregion":null,"fips":"MK77","postal-code":"OS","name":"Oslomej","country":"Macedonia","type-en":"Statistical Region","region":null,"longitude":"21.0347","woe-name":"Oslomej Municipality","latitude":"41.5771","woe-label":null,"type":"Statistical Region"},"geometry":{"type":"Polygon","coordinates":[[[1517,5713],[1580,5741],[1619,5668],[1710,5665],[1769,5638],[1792,5593],[1786,5359],[1724,5261],[1583,5163],[1543,5031],[1452,4940],[1379,4933],[1379,5031],[1322,5099],[1248,5072],[1218,5190],[1297,5351],[1293,5611],[1359,5680],[1517,5713]]]}},{"type":"Feature","id":"MK.VH","properties":{"hc-group":"admin1","hc-middle-x":0.52,"hc-middle-y":0.53,"hc-key":"mk-vh","hc-a2":"VH","labelrank":"10","hasc":"MK.VH","alt-name":"Vrapci?te","woe-id":"24550819","subregion":null,"fips":"MKB7","postal-code":"VH","name":"Polog","country":"Macedonia","type-en":"Statistical Region","region":null,"longitude":"20.8349","woe-name":"Polog","latitude":"41.8584","woe-label":"Vrapciste Municipality, MK, Macedonia","type":"Statistical Region"},"geometry":{"type":"Polygon","coordinates":[[[152,6937],[260,7100],[307,7225],[408,7272],[670,7227],[808,7181],[1036,7053],[1139,7015],[1146,6890],[1170,6880],[1104,6819],[1124,6728],[1081,6679],[1002,6653],[867,6687],[759,6672],[709,6627],[632,6638],[559,6680],[481,6823],[311,6835],[205,6882],[152,6937]]]}},{"type":"Feature","id":"MK.VJ","properties":{"hc-group":"admin1","hc-middle-x":0.61,"hc-middle-y":0.43,"hc-key":"mk-vj","hc-a2":"VJ","labelrank":"10","hasc":"MK.VJ","alt-name":null,"woe-id":"24550828","subregion":null,"fips":"MK10","postal-code":"VJ","name":"Bogovinje","country":"Macedonia","type-en":"Statistical Region","region":"Polog","longitude":"20.869","woe-name":"Bogovinje","latitude":"41.945","woe-label":"Bogovinje Municipality, MK, Macedonia","type":"Statistical Region"},"geometry":{"type":"Polygon","coordinates":[[[307,7225],[322,7341],[310,7394],[436,7491],[574,7551],[714,7660],[779,7664],[1021,7607],[1061,7584],[1162,7464],[1179,7462],[1200,7328],[1304,7324],[1270,7199],[1211,7135],[1146,7098],[1169,7015],[1139,7015],[1036,7053],[808,7181],[670,7227],[408,7272],[307,7225]]]}},{"type":"Feature","id":"MK.ET","properties":{"hc-group":"admin1","hc-middle-x":0.43,"hc-middle-y":0.46,"hc-key":"mk-et","hc-a2":"ET","labelrank":"10","hasc":"MK.ET","alt-name":null,"woe-id":"24550862","subregion":null,"fips":"MKA6","postal-code":"ET","name":"Tetovo","country":"Macedonia","type-en":"Statistical Region","region":null,"longitude":"20.8947","woe-name":"Tetovo","latitude":"42.0484","woe-label":"Tetovo Municipality, MK, Macedonia","type":"Statistical Region"},"geometry":{"type":"Polygon","coordinates":[[[1441,7463],[1365,7475],[1277,7539],[1227,7528],[1179,7462],[1162,7464],[1061,7584],[1021,7607],[779,7664],[714,7660],[574,7551],[436,7491],[310,7394],[270,7566],[275,7694],[328,7972],[370,8094],[453,8193],[560,8255],[954,8388],[1056,8350],[1148,8293],[1185,8252],[1255,8082],[1353,8056],[1401,7980],[1390,7863],[1480,7808],[1489,7772],[1418,7701],[1500,7599],[1559,7573],[1556,7531],[1471,7505],[1441,7463]]]}},{"type":"Feature","id":"MK.BN","properties":{"hc-group":"admin1","hc-middle-x":0.51,"hc-middle-y":0.67,"hc-key":"mk-bn","hc-a2":"BN","labelrank":"10","hasc":"MK.BN","alt-name":null,"woe-id":"24550751","subregion":null,"fips":"MK12","postal-code":"BN","name":"Brvenica","country":"Macedonia","type-en":"Statistical Region","region":"Polog","longitude":"21.066","woe-name":"Brvenica","latitude":"41.8465","woe-label":"Brvenica Municipality, MK, Macedonia","type":"Statistical Region"},"geometry":{"type":"Polygon","coordinates":[[[1179,7462],[1227,7528],[1277,7539],[1365,7475],[1441,7463],[1531,7339],[1590,7324],[1599,7192],[1694,7169],[1703,7075],[1666,7068],[1655,6920],[1813,6909],[1895,6838],[2030,6842],[2047,6898],[2109,6910],[2132,6822],[2058,6827],[1977,6766],[1878,6657],[1808,6544],[1748,6487],[1690,6473],[1589,6619],[1479,6721],[1473,6807],[1293,6815],[1170,6880],[1146,6890],[1139,7015],[1169,7015],[1146,7098],[1211,7135],[1270,7199],[1304,7324],[1200,7328],[1179,7462]]]}},{"type":"Feature","id":"MK.GT","properties":{"hc-group":"admin1","hc-middle-x":0.77,"hc-middle-y":0.52,"hc-key":"mk-gt","hc-a2":"GT","labelrank":"10","hasc":"MK.GT","alt-name":null,"woe-id":"24550767","subregion":null,"fips":"MK34","postal-code":"GT","name":"Gostivar","country":"Macedonia","type-en":"Statistical Region","region":"Polog","longitude":"20.8095","woe-name":"Gostivar","latitude":"41.7855","woe-label":"Gostivar Municipality, MK, Macedonia","type":"Statistical Region"},"geometry":{"type":"Polygon","coordinates":[[[1580,5741],[1580,5744],[1517,5713],[1359,5680],[1293,5611],[1184,5736],[1057,5815],[922,5837],[914,5887],[852,5959],[767,6106],[826,6197],[666,6201],[614,6171],[575,6216],[567,6325],[488,6450],[262,6481],[175,6481],[95,6379],[47,6342],[-128,6365],[-193,6422],[-289,6468],[-331,6518],[-543,6607],[-582,6829],[-576,6954],[-469,7019],[-371,6914],[-321,6886],[-252,6890],[-174,7001],[-107,6995],[-28,6882],[13,6852],[104,6883],[152,6937],[205,6882],[311,6835],[481,6823],[559,6680],[632,6638],[709,6627],[759,6672],[867,6687],[1002,6653],[1081,6679],[1124,6728],[1104,6819],[1170,6880],[1293,6815],[1473,6807],[1479,6721],[1589,6619],[1690,6473],[1579,6460],[1557,6408],[1557,6268],[1483,6196],[1543,6109],[1548,6015],[1594,5921],[1602,5823],[1580,5741]]]}},{"type":"Feature","id":"MK.JG","properties":{"hc-group":"admin1","hc-middle-x":0.54,"hc-middle-y":0.29,"hc-key":"mk-jg","hc-a2":"JG","labelrank":"10","hasc":"MK.JG","alt-name":null,"woe-id":"24550771","subregion":null,"fips":"MK38","postal-code":"JG","name":"Jegunovce","country":"Macedonia","type-en":"Municipality","region":null,"longitude":"21.129","woe-name":"Jegunovce Municipality","latitude":"42.0311","woe-label":null,"type":"Op?tina"},"geometry":{"type":"Polygon","coordinates":[[[1489,7772],[1480,7808],[1493,7838],[1680,7876],[1746,7909],[1821,8061],[1902,8145],[1892,8258],[1786,8308],[1749,8384],[1630,8539],[1528,8632],[1669,8770],[1770,8835],[1887,8796],[2047,8673],[2196,8527],[2320,8317],[2263,8239],[2050,8216],[1986,8170],[2053,8097],[2135,8120],[2152,8020],[2067,7947],[2074,7871],[2110,7762],[1974,7718],[1939,7673],[1872,7671],[1828,7624],[1662,7649],[1677,7733],[1577,7733],[1489,7772]]]}},{"type":"Feature","id":"MK.RU","properties":{"hc-group":"admin1","hc-middle-x":0.43,"hc-middle-y":0.44,"hc-key":"mk-ru","hc-a2":"RU","labelrank":"10","hasc":"MK.RU","alt-name":null,"woe-id":"24550808","subregion":null,"fips":"MKA1","postal-code":"RU","name":"Southeastern","country":"Macedonia","type-en":"Statistical Region","region":null,"longitude":"22.6211","woe-name":"Southeastern","latitude":"41.3841","woe-label":"Strumica Municipality, MK, Macedonia","type":"Statistical Region"},"geometry":{"type":"Polygon","coordinates":[[[8996,4069],[8929,4055],[8851,3984],[8615,4111],[8564,4124],[8506,4096],[8462,3985],[8422,3938],[8357,3961],[8291,3909],[8172,3918],[8171,3955],[8093,4026],[8016,4009],[7889,4006],[7882,4089],[7802,4228],[7864,4400],[7820,4450],[7697,4451],[7644,4474],[7558,4559],[7493,4655],[7522,4695],[7632,4742],[7735,4720],[7759,4776],[7833,4855],[7858,4910],[7977,4890],[8063,4841],[8152,4730],[8275,4730],[8383,4767],[8460,4824],[8513,4772],[8547,4662],[8516,4530],[8597,4500],[8685,4531],[8717,4438],[8757,4396],[8828,4373],[8944,4407],[8973,4371],[8983,4089],[8996,4069]]]}},{"type":"Feature","id":"MK.VA","properties":{"hc-group":"admin1","hc-middle-x":0.35,"hc-middle-y":0.42,"hc-key":"mk-va","hc-a2":"VA","labelrank":"10","hasc":"MK.VA","alt-name":null,"woe-id":"24550813","subregion":null,"fips":"MKA8","postal-code":"VA","name":"Valandovo","country":"Macedonia","type-en":"Statistical Region","region":"Southeastern","longitude":"22.5432","woe-name":"Valandovo","latitude":"41.2911","woe-label":"Valandovo Municipality, MK, Macedonia","type":"Statistical Region"},"geometry":{"type":"Polygon","coordinates":[[[8851,3984],[8805,3942],[8769,3782],[8645,3809],[8523,3799],[8428,3815],[8377,3759],[8343,3680],[8189,3679],[8104,3548],[8026,3511],[7945,3574],[7871,3571],[7853,3538],[7843,3402],[7766,3345],[7664,3475],[7663,3577],[7612,3708],[7601,3909],[7509,3934],[7307,4175],[7208,4207],[7165,4251],[7036,4264],[6982,4400],[7004,4527],[7049,4574],[7152,4616],[7338,4665],[7493,4655],[7558,4559],[7644,4474],[7697,4451],[7820,4450],[7864,4400],[7802,4228],[7882,4089],[7889,4006],[8016,4009],[8093,4026],[8171,3955],[8172,3918],[8291,3909],[8357,3961],[8422,3938],[8462,3985],[8506,4096],[8564,4124],[8615,4111],[8851,3984]]]}},{"type":"Feature","id":"MK.BG","properties":{"hc-group":"admin1","hc-middle-x":0.44,"hc-middle-y":0.52,"hc-key":"mk-bg","hc-a2":"BG","labelrank":"10","hasc":"MK.BG","alt-name":null,"woe-id":"24550827","subregion":null,"fips":"MK08","postal-code":"BG","name":"Bogdanci","country":"Macedonia","type-en":"Statistical Region","region":"Southeastern","longitude":"22.5841","woe-name":"Bogdanci","latitude":"41.1772","woe-label":"Bogdanci Municipality, MK, Macedonia","type":"Statistical Region"},"geometry":{"type":"Polygon","coordinates":[[[8420,3154],[8365,3171],[8301,3152],[8283,3014],[8211,2919],[8124,2850],[8110,2880],[7934,2978],[7837,2983],[7830,3049],[7858,3167],[7852,3224],[7766,3345],[7843,3402],[7853,3538],[7871,3571],[7945,3574],[8026,3511],[8132,3382],[8244,3394],[8335,3383],[8439,3319],[8441,3200],[8420,3154]]]}},{"type":"Feature","id":"MK.NS","properties":{"hc-group":"admin1","hc-middle-x":0.50,"hc-middle-y":0.58,"hc-key":"mk-ns","hc-a2":"NS","labelrank":"10","hasc":"MK.NS","alt-name":null,"woe-id":"24550853","subregion":null,"fips":"MK72","postal-code":"NS","name":"Novo Selo","country":"Macedonia","type-en":"Statistical Region","region":"Southeastern","longitude":"22.8701","woe-name":"Novo Selo","latitude":"41.4278","woe-label":"Novo Selo Municipality, MK, Macedonia","type":"Statistical Region"},"geometry":{"type":"Polygon","coordinates":[[[8996,4069],[8983,4089],[8973,4371],[8944,4407],[9000,4468],[9008,4535],[9003,4698],[9126,4811],[9242,4996],[9235,5090],[9521,5107],[9597,5132],[9617,4738],[9649,4654],[9645,4594],[9584,4497],[9620,4259],[9607,4154],[9507,4072],[9120,4094],[8996,4069]]]}},{"type":"Feature","id":"MK.BR","properties":{"hc-group":"admin1","hc-middle-x":0.51,"hc-middle-y":0.55,"hc-key":"mk-br","hc-a2":"BR","labelrank":"10","hasc":"MK.BR","alt-name":null,"woe-id":"24550826","subregion":null,"fips":"MK04","postal-code":"BR","name":"Berovo","country":"Macedonia","type-en":"Statistical Region","region":"Southeastern","longitude":"22.8027","woe-name":"Berovo","latitude":"41.6344","woe-label":"Berovo Municipality, MK, Macedonia","type":"Statistical Region"},"geometry":{"type":"Polygon","coordinates":[[[9597,5132],[9521,5107],[9235,5090],[9136,5168],[8992,5173],[8867,5192],[8766,5276],[8722,5369],[8678,5374],[8550,5400],[8458,5396],[8455,5444],[8507,5466],[8516,5579],[8481,5632],[8430,5645],[8369,5708],[8320,5697],[8266,5633],[8252,5730],[8229,5853],[8309,5986],[8311,6016],[8227,6081],[8207,6255],[8207,6256],[8241,6286],[8345,6296],[8384,6345],[8426,6480],[8430,6574],[8408,6662],[8424,6710],[8436,6682],[8637,6669],[8778,6612],[8847,6413],[8877,6398],[8906,6275],[8940,6268],[8979,6325],[9037,6329],[9223,6298],[9272,6278],[9295,6198],[9420,6198],[9567,6094],[9683,6059],[9754,6005],[9680,5833],[9570,5778],[9540,5634],[9547,5478],[9613,5346],[9592,5219],[9597,5132]]]}},{"type":"Feature","id":"MK.NI","properties":{"hc-group":"admin1","hc-middle-x":0.46,"hc-middle-y":0.50,"hc-key":"mk-ni","hc-a2":"NI","labelrank":"10","hasc":"MK.NI","alt-name":null,"woe-id":"24550817","subregion":null,"fips":"MKB4","postal-code":"NI","name":"Vinitsa","country":"Macedonia","type-en":"Statistical Region","region":"Eastern","longitude":"22.5742","woe-name":"Vinica Municipality","latitude":"41.8652","woe-label":null,"type":"Statistical Region"},"geometry":{"type":"Polygon","coordinates":[[[8241,6286],[8207,6255],[8204,6255],[8083,6279],[7980,6371],[7884,6418],[7859,6474],[7815,6483],[7772,6405],[7620,6386],[7506,6475],[7464,6484],[7466,6526],[7464,6592],[7472,6722],[7466,6882],[7446,6987],[7410,7044],[7440,7091],[7433,7276],[7452,7333],[7469,7486],[7549,7512],[7637,7435],[7687,7433],[7749,7477],[7839,7450],[7886,7483],[7940,7602],[7956,7688],[7982,7712],[8116,7694],[8134,7384],[8283,7333],[8447,7250],[8578,7229],[8510,7080],[8484,6908],[8429,6815],[8424,6710],[8408,6662],[8430,6574],[8426,6480],[8384,6345],[8345,6296],[8241,6286]]]}},{"type":"Feature","id":"MK.RV","properties":{"hc-group":"admin1","hc-middle-x":0.60,"hc-middle-y":0.51,"hc-key":"mk-rv","hc-a2":"RV","labelrank":"10","hasc":"MK.RV","alt-name":null,"woe-id":"24550865","subregion":null,"fips":"MK84","postal-code":"RV","name":"Radovis","country":"Macedonia","type-en":"Statistical Region","region":"Eastern","longitude":"22.4679","woe-name":"Radovis","latitude":"41.6365","woe-label":"Radovis Municipality, MK, Macedonia","type":"Statistical Region"},"geometry":{"type":"Polygon","coordinates":[[[8207,6256],[8207,6255],[8227,6081],[8311,6016],[8309,5986],[8229,5853],[8252,5730],[8114,5700],[8048,5586],[8039,5517],[8130,5406],[8165,5259],[8163,5162],[8121,5100],[8081,5088],[7954,5209],[7887,5248],[7845,5237],[7824,5183],[7730,5144],[7714,5108],[7745,5047],[7733,5006],[7509,5065],[7553,5122],[7562,5181],[7464,5313],[7368,5406],[7142,5421],[7071,5481],[6961,5509],[6890,5578],[6888,5677],[6819,5856],[6902,5961],[7070,5900],[7148,5904],[7210,6041],[7279,6157],[7342,6272],[7348,6403],[7464,6484],[7506,6475],[7620,6386],[7772,6405],[7815,6483],[7859,6474],[7884,6418],[7980,6371],[8083,6279],[8203,6254],[8204,6255],[8207,6256]]]}},{"type":"Feature","id":"MK.DR","properties":{"hc-group":"admin1","hc-middle-x":0.35,"hc-middle-y":0.51,"hc-key":"mk-dr","hc-a2":"DR","labelrank":"10","hasc":"MK.DR","alt-name":null,"woe-id":"24550764","subregion":null,"fips":"MK30","postal-code":"DR","name":"Drugovo","country":"Macedonia","type-en":"Statistical Region","region":null,"longitude":"20.9119","woe-name":"Drugovo Municipality","latitude":"41.4293","woe-label":null,"type":"Statistical Region"},"geometry":{"type":"Polygon","coordinates":[[[29,4475],[18,4488],[52,4550],[104,4765],[132,4803],[206,4791],[322,4761],[422,4825],[472,4920],[525,4949],[530,5073],[583,5132],[584,5368],[550,5557],[598,5548],[677,5348],[747,5337],[806,5197],[872,5125],[920,5029],[931,4963],[985,4899],[1050,4857],[1172,4812],[1253,4735],[1211,4714],[1228,4590],[1339,4514],[1376,4412],[1538,4409],[1657,4454],[1659,4507],[1734,4529],[1779,4443],[1924,4373],[1913,4350],[1948,4260],[1865,4238],[1853,4195],[1720,4087],[1389,4085],[1289,4040],[1193,3969],[1168,3917],[1074,4069],[994,4096],[963,4160],[957,4296],[883,4469],[721,4473],[631,4496],[500,4507],[202,4501],[66,4509],[29,4475]]]}},{"type":"Feature","id":"MK.UG","properties":{"hc-group":"admin1","hc-middle-x":0.59,"hc-middle-y":0.35,"hc-key":"mk-ug","hc-a2":"UG","labelrank":"10","hasc":"MK.UG","alt-name":null,"woe-id":"24550846","subregion":null,"fips":"MKE6","postal-code":"UG","name":"Struga","country":"Macedonia","type-en":"Statistical Region","region":"Southwestern","longitude":"20.602","woe-name":"Struga Municipality","latitude":"41.1813","woe-label":"Struga Municipality, MK, Macedonia","type":"Statistical Region"},"geometry":{"type":"Polygon","coordinates":[[[18,4488],[29,4475],[204,4127],[221,3988],[220,3856],[330,3686],[322,3512],[290,3411],[224,3328],[218,3207],[255,3166],[243,3035],[174,3075],[-53,3104],[-116,3076],[-135,3023],[-208,2558],[-328,2563],[-449,2620],[-478,2697],[-475,2797],[-496,2924],[-563,3056],[-719,3280],[-369,3340],[-259,3389],[-233,3439],[-252,3479],[-354,3507],[-482,3523],[-792,3506],[-843,3728],[-864,3898],[-847,4020],[-786,4000],[-725,4037],[-628,4183],[-598,4277],[-601,4366],[-540,4375],[-144,4362],[-85,4396],[-9,4491],[4,4505],[18,4488]]]}},{"type":"Feature","id":"MK.DB","properties":{"hc-group":"admin1","hc-middle-x":0.28,"hc-middle-y":0.32,"hc-key":"mk-db","hc-a2":"DB","labelrank":"10","hasc":"MK.DB","alt-name":null,"woe-id":"24550837","subregion":null,"fips":"MK21","postal-code":"DB","name":"Debar","country":"Macedonia","type-en":"Statistical Region","region":"Southwestern","longitude":"20.5863","woe-name":"Debar","latitude":"41.541","woe-label":"Debar Municipality, MK, Macedonia","type":"Statistical Region"},"geometry":{"type":"Polygon","coordinates":[[[18,4488],[4,4505],[-9,4491],[-34,4544],[-101,4556],[-100,4721],[-131,4822],[-180,4822],[-224,4863],[-250,4969],[-298,5041],[-475,5053],[-524,4971],[-716,4866],[-843,4736],[-888,4824],[-968,4880],[-997,4964],[-984,5116],[-999,5197],[-792,5240],[-673,5300],[-614,5407],[-535,5371],[-452,5277],[-346,5200],[-156,5169],[-68,5093],[38,4951],[188,4885],[206,4791],[132,4803],[104,4765],[52,4550],[18,4488]]]}},{"type":"Feature","id":"MK.RE","properties":{"hc-group":"admin1","hc-middle-x":0.37,"hc-middle-y":0.35,"hc-key":"mk-re","hc-a2":"RE","labelrank":"10","hasc":"MK.RE","alt-name":null,"woe-id":"24550855","subregion":null,"fips":"MK86","postal-code":"RE","name":"Resen","country":"Macedonia","type-en":"Statistical Region","region":"Southwestern","longitude":"21.0472","woe-name":"Resen Municipality","latitude":"41.027","woe-label":"Resen Municipality, MK, Macedonia","type":"Statistical Region"},"geometry":{"type":"Polygon","coordinates":[[[2409,1318],[2252,1351],[2140,1357],[1862,1272],[1870,1310],[1797,1582],[1755,1664],[1694,1911],[1616,1959],[1606,2009],[1517,2145],[1486,2103],[1297,2171],[1206,2178],[1120,2122],[995,1986],[957,1914],[962,1833],[1003,1768],[1105,1756],[1220,1655],[1266,1640],[1290,1584],[1228,1482],[1183,1459],[1100,1564],[887,1628],[657,1660],[644,1848],[681,1989],[730,2026],[839,2036],[873,2074],[881,2187],[834,2269],[832,2351],[889,2389],[897,2567],[918,2687],[949,2776],[1084,2934],[1343,3084],[1434,3153],[1524,3284],[1571,3211],[1651,3208],[1690,3047],[1713,2886],[1770,2798],[1808,2725],[1808,2609],[1766,2536],[1688,2472],[1672,2352],[1701,2318],[1794,2290],[1805,2190],[1891,2077],[1901,1998],[1933,1971],[2112,1975],[2169,1944],[2234,1841],[2234,1797],[2382,1780],[2424,1691],[2419,1619],[2474,1565],[2409,1318]]]}},{"type":"Feature","id":"MK.KZ","properties":{"hc-group":"admin1","hc-middle-x":0.42,"hc-middle-y":0.54,"hc-key":"mk-kz","hc-a2":"KZ","labelrank":"10","hasc":"MK.KZ","alt-name":null,"woe-id":"24550831","subregion":null,"fips":"MK85","postal-code":"KZ","name":"Kriva Palanka","country":"Macedonia","type-en":"Statistical Region","region":"Northeastern","longitude":"22.2641","woe-name":"Kriva Palanka","latitude":"42.2421","woe-label":"Kriva Palanka Municipality, MK, Macedonia","type":"Statistical Region"},"geometry":{"type":"Polygon","coordinates":[[[6122,9562],[6519,9735],[6627,9851],[6684,9831],[6701,9695],[6832,9573],[6906,9546],[6989,9542],[7411,8991],[7572,8874],[7630,8713],[7683,8626],[7611,8586],[7426,8459],[7383,8394],[7310,8341],[7244,8352],[7026,8339],[7015,8307],[6893,8385],[6818,8403],[6744,8456],[6718,8430],[6602,8400],[6430,8397],[6411,8444],[6428,8578],[6411,8675],[6380,8747],[6337,9075],[6362,9188],[6353,9270],[6280,9346],[6192,9371],[6141,9427],[6122,9562]]]}},{"type":"Feature","id":"MK.KB","properties":{"hc-group":"admin1","hc-middle-x":0.42,"hc-middle-y":0.52,"hc-key":"mk-kb","hc-a2":"KB","labelrank":"10","hasc":"MK.KB","alt-name":null,"woe-id":"24550772","subregion":null,"fips":"MK40","postal-code":"KB","name":"Karbinci","country":"Macedonia","type-en":"Statistical Region","region":"Eastern","longitude":"22.2847","woe-name":"Karbinci Municipality","latitude":"41.7659","woe-label":null,"type":"Statistical Region"},"geometry":{"type":"Polygon","coordinates":[[[7279,6157],[7257,6183],[6933,6128],[6844,6127],[6795,6190],[6645,6326],[6561,6339],[6429,6468],[6369,6505],[6175,6524],[6109,6661],[6094,6837],[6129,6911],[6195,6970],[6280,6998],[6308,6904],[6353,6885],[6504,6894],[6522,6916],[6658,6780],[6770,6701],[6935,6675],[7033,6681],[7127,6590],[7216,6584],[7229,6605],[7359,6593],[7464,6592],[7466,6526],[7464,6484],[7348,6403],[7342,6272],[7279,6157]]]}},{"type":"Feature","id":"MK.NA","properties":{"hc-group":"admin1","hc-middle-x":0.50,"hc-middle-y":0.55,"hc-key":"mk-na","hc-a2":"NA","labelrank":"10","hasc":"MK.NA","alt-name":null,"woe-id":"24550856","subregion":null,"fips":"MK97","postal-code":"NA","name":"Northeastern","country":"Macedonia","type-en":"Statistical Region","region":null,"longitude":"21.8853","woe-name":"Northeastern","latitude":"42.2098","woe-label":"Staro Nagoricane Municipality, MK, Macedonia","type":"Statistical Region"},"geometry":{"type":"Polygon","coordinates":[[[4372,9215],[4779,9468],[4863,9488],[5060,9495],[5201,9620],[5298,9631],[5523,9518],[5660,9470],[5735,9463],[5764,9197],[5736,9164],[5654,9150],[5639,9116],[5679,9020],[5683,8869],[5735,8785],[5752,8708],[5733,8682],[5653,8678],[5537,8682],[5516,8667],[5518,8472],[5438,8328],[5331,8301],[5282,8442],[5194,8435],[5164,8355],[5116,8352],[5001,8388],[4963,8427],[4853,8406],[4742,8352],[4722,8321],[4655,8334],[4547,8473],[4532,8518],[4533,8670],[4561,8721],[4558,8833],[4533,8873],[4543,8948],[4629,8980],[4636,9054],[4608,9087],[4506,9123],[4372,9215]]]}},{"type":"Feature","id":"MK.NV","properties":{"hc-group":"admin1","hc-middle-x":0.46,"hc-middle-y":0.50,"hc-key":"mk-nv","hc-a2":"NV","labelrank":"10","hasc":"MK.NV","alt-name":null,"woe-id":"24550791","subregion":null,"fips":"MK71","postal-code":"NV","name":"Novatsi","country":"Macedonia","type-en":"Statistical Region","region":"Pelagonia","longitude":"21.6586","woe-name":"Novatsi","latitude":"41.0253","woe-label":"Novaci Municipality, MK, Macedonia","type":"Statistical Region"},"geometry":{"type":"Polygon","coordinates":[[[5183,2473],[5175,2411],[5118,2324],[4967,2176],[4909,2069],[4749,1955],[4708,1901],[4685,1729],[4632,1673],[4510,1646],[4288,1694],[4167,1638],[4150,1542],[4113,1503],[4026,1502],[3847,1342],[3727,1365],[3537,1533],[3521,1536],[3544,1654],[3512,1820],[3353,2013],[3335,2053],[3243,2077],[3228,2250],[3164,2328],[3158,2427],[3192,2567],[3240,2644],[3306,2692],[3350,2693],[3472,2646],[3665,2620],[3714,2651],[3893,2883],[3912,2970],[3979,3006],[4039,2908],[4163,2841],[4379,2812],[4521,2745],[4624,2725],[4707,2641],[4802,2601],[4900,2606],[4918,2640],[5042,2525],[5183,2473]]]}},{"type":"Feature","id":"MK.MR","properties":{"hc-group":"admin1","hc-middle-x":0.46,"hc-middle-y":0.41,"hc-key":"mk-mr","hc-a2":"MR","labelrank":"10","hasc":"MK.MR","alt-name":null,"woe-id":"24550858","subregion":null,"fips":"MK64","postal-code":"MR","name":"Mavrovo and Rostusa","country":"Macedonia","type-en":"Statistical Region","region":"Polog","longitude":"20.6986","woe-name":"Mavrovo and Rostusa","latitude":"41.6315","woe-label":"Mavrovo and Rostusa Municipality, MK, Macedonia","type":"Statistical Region"},"geometry":{"type":"Polygon","coordinates":[[[-614,5407],[-614,5445],[-703,5707],[-723,5827],[-755,6236],[-708,6370],[-567,6520],[-543,6607],[-331,6518],[-289,6468],[-193,6422],[-128,6365],[47,6342],[95,6379],[175,6481],[262,6481],[488,6450],[567,6325],[575,6216],[614,6171],[666,6201],[826,6197],[767,6106],[852,5959],[914,5887],[922,5837],[833,5812],[737,5812],[689,5782],[581,5669],[485,5665],[439,5609],[476,5545],[550,5557],[584,5368],[583,5132],[530,5073],[525,4949],[472,4920],[422,4825],[322,4761],[206,4791],[188,4885],[38,4951],[-68,5093],[-156,5169],[-346,5200],[-452,5277],[-535,5371],[-614,5407]]]}},{"type":"Feature","id":"MK.TR","properties":{"hc-group":"admin1","hc-middle-x":0.61,"hc-middle-y":0.53,"hc-key":"mk-tr","hc-a2":"TR","labelrank":"10","hasc":"MK.TR","alt-name":null,"woe-id":"24550861","subregion":null,"fips":"MKA5","postal-code":"TR","name":"Tearce","country":"Macedonia","type-en":"Municipality","region":null,"longitude":"21.0174","woe-name":"Tearce","latitude":"42.082","woe-label":"Tearce Municipality, MK, Macedonia","type":"Op?tina"},"geometry":{"type":"Polygon","coordinates":[[[954,8388],[1373,8530],[1479,8584],[1528,8632],[1630,8539],[1749,8384],[1786,8308],[1892,8258],[1902,8145],[1821,8061],[1746,7909],[1680,7876],[1493,7838],[1480,7808],[1390,7863],[1401,7980],[1353,8056],[1255,8082],[1185,8252],[1148,8293],[1056,8350],[954,8388]]]}},{"type":"Feature","id":"MK.GV","properties":{"hc-group":"admin1","hc-middle-x":0.45,"hc-middle-y":0.57,"hc-key":"mk-gv","hc-a2":"GV","labelrank":"10","hasc":"MK.GV","alt-name":null,"woe-id":"24550840","subregion":null,"fips":"MK33","postal-code":"GV","name":"Southeastern","country":"Macedonia","type-en":"Statistical Region","region":null,"longitude":"22.3973","woe-name":"Southeastern","latitude":"41.243","woe-label":"Gevgelija Municipality, MK, Macedonia","type":"Statistical Region"},"geometry":{"type":"Polygon","coordinates":[[[8124,2850],[8059,2823],[7965,2816],[7758,2832],[7617,2790],[7422,2784],[7243,2878],[7190,2881],[6930,2855],[6911,2951],[6742,2976],[6530,3031],[6506,3095],[6533,3188],[6732,3221],[6680,3459],[6783,3489],[6900,3574],[6890,3622],[6845,3633],[6834,3802],[6810,3854],[6887,3965],[7086,3975],[7088,4089],[7035,4191],[7036,4264],[7165,4251],[7208,4207],[7307,4175],[7509,3934],[7601,3909],[7612,3708],[7663,3577],[7664,3475],[7766,3345],[7852,3224],[7858,3167],[7830,3049],[7837,2983],[7934,2978],[8110,2880],[8124,2850]]]}},{"type":"Feature","id":"MK.SD","properties":{"hc-group":"admin1","hc-middle-x":0.62,"hc-middle-y":0.37,"hc-key":"mk-sd","hc-a2":"SD","labelrank":"10","hasc":"MK.SD","alt-name":null,"woe-id":"24550860","subregion":null,"fips":"MK00","postal-code":"SD","name":"Dojran","country":"Macedonia","type-en":"Statistical Region","region":"Southeastern","longitude":"22.6539","woe-name":"Dojran","latitude":"41.2492","woe-label":"Star Dojran Municipality, MK, Macedonia","type":"Statistical Region"},"geometry":{"type":"Polygon","coordinates":[[[8769,3782],[8764,3762],[8756,3315],[8719,3097],[8673,2982],[8627,2947],[8494,3040],[8420,3154],[8441,3200],[8439,3319],[8335,3383],[8244,3394],[8132,3382],[8026,3511],[8104,3548],[8189,3679],[8343,3680],[8377,3759],[8428,3815],[8523,3799],[8645,3809],[8769,3782]]]}},{"type":"Feature","id":"MK.DL","properties":{"hc-group":"admin1","hc-middle-x":0.51,"hc-middle-y":0.39,"hc-key":"mk-dl","hc-a2":"DL","labelrank":"10","hasc":"MK.DL","alt-name":null,"woe-id":"24550838","subregion":null,"fips":"MK22","postal-code":"DL","name":"Delcevo","country":"Macedonia","type-en":"Statistical Region","region":"Eastern","longitude":"22.7429","woe-name":"Delcevo","latitude":"41.9187","woe-label":"Delcevo Municipality, MK, Macedonia","type":"Statistical Region"},"geometry":{"type":"Polygon","coordinates":[[[8196,8241],[8402,8141],[8528,8117],[8611,8042],[8846,8051],[8891,7954],[8925,7929],[9042,7953],[9114,7895],[9128,7777],[9164,7716],[9186,7520],[9220,7391],[9268,7263],[9293,7092],[9138,6964],[9084,6901],[9005,6736],[8921,6710],[8850,6615],[8778,6612],[8637,6669],[8436,6682],[8424,6710],[8429,6815],[8484,6908],[8510,7080],[8578,7229],[8447,7250],[8283,7333],[8134,7384],[8116,7694],[8115,7816],[8189,7849],[8196,8241]]]}},{"type":"Feature","id":"MK.OC","properties":{"hc-group":"admin1","hc-middle-x":0.56,"hc-middle-y":0.51,"hc-key":"mk-oc","hc-a2":"OC","labelrank":"10","hasc":"MK.OC","alt-name":null,"woe-id":"24550777","subregion":null,"fips":"MK46","postal-code":"OC","name":"Kocani","country":"Macedonia","type-en":"Statistical Region","region":"Eastern","longitude":"22.3869","woe-name":"Kocani","latitude":"41.9798","woe-label":"Kocani Municipality, MK, Macedonia","type":"Statistical Region"},"geometry":{"type":"Polygon","coordinates":[[[7310,8341],[7358,8254],[7418,8319],[7471,8264],[7478,8087],[7497,8039],[7618,7966],[7630,7838],[7717,7708],[7719,7598],[7749,7477],[7687,7433],[7637,7435],[7549,7512],[7469,7486],[7452,7333],[7433,7276],[7440,7091],[7410,7044],[7358,7031],[7311,6956],[7223,6987],[7149,6914],[7079,6910],[6992,6960],[6943,7097],[6938,7230],[6950,7321],[6787,7314],[6721,7357],[6648,7476],[6667,7508],[6820,7643],[6864,7732],[6946,7778],[6980,7921],[7049,8172],[7015,8307],[7026,8339],[7244,8352],[7310,8341]]]}},{"type":"Feature","id":"MK.MK","properties":{"hc-group":"admin1","hc-middle-x":0.55,"hc-middle-y":0.49,"hc-key":"mk-mk","hc-a2":"MK","labelrank":"10","hasc":"MK.MK","alt-name":null,"woe-id":"24550851","subregion":null,"fips":"MK52","postal-code":"MK","name":"Makedonska Kamenica","country":"Macedonia","type-en":"Statistical Region","region":"Eastern","longitude":"22.5221","woe-name":"Makedonska Kamenica","latitude":"42.0394","woe-label":"Makedonska Kamenica Municipality, MK, Macedonia","type":"Statistical Region"},"geometry":{"type":"Polygon","coordinates":[[[7749,7477],[7719,7598],[7717,7708],[7630,7838],[7618,7966],[7497,8039],[7478,8087],[7471,8264],[7418,8319],[7358,8254],[7310,8341],[7383,8394],[7426,8459],[7611,8586],[7683,8626],[7787,8516],[8156,8260],[8196,8241],[8189,7849],[8115,7816],[8116,7694],[7982,7712],[7956,7688],[7940,7602],[7886,7483],[7839,7450],[7749,7477]]]}},{"type":"Feature","id":"MK.PH","properties":{"hc-group":"admin1","hc-middle-x":0.56,"hc-middle-y":0.59,"hc-key":"mk-ph","hc-a2":"PH","labelrank":"10","hasc":"MK.PH","alt-name":null,"woe-id":"24550854","subregion":null,"fips":"MK78","postal-code":"PH","name":"Phecevo","country":"Macedonia","type-en":"Statistical Region","region":"Eastern","longitude":"22.8833","woe-name":"Pehcevo Municipality","latitude":"41.7917","woe-label":null,"type":"Statistical Region"},"geometry":{"type":"Polygon","coordinates":[[[9293,7092],[9376,7031],[9404,6965],[9453,6773],[9548,6562],[9622,6502],[9722,6499],[9767,6479],[9845,6361],[9851,6229],[9808,6096],[9754,6005],[9683,6059],[9567,6094],[9420,6198],[9295,6198],[9272,6278],[9223,6298],[9037,6329],[8979,6325],[8940,6268],[8906,6275],[8877,6398],[8847,6413],[8778,6612],[8850,6615],[8921,6710],[9005,6736],[9084,6901],[9138,6964],[9293,7092]]]}},{"type":"Feature","id":"MK.RN","properties":{"hc-group":"admin1","hc-middle-x":0.57,"hc-middle-y":0.51,"hc-key":"mk-rn","hc-a2":"RN","labelrank":"10","hasc":"MK.RN","alt-name":null,"woe-id":"24550844","subregion":null,"fips":"MK85","postal-code":"RN","name":"Rankovce","country":"Macedonia","type-en":"Statistical Region","region":"Northeastern","longitude":"22.1049","woe-name":"Rankovce Municipality","latitude":"42.1895","woe-label":"Rankovce Municipality, MK, Macedonia","type":"Statistical Region"},"geometry":{"type":"Polygon","coordinates":[[[6122,9562],[6141,9427],[6192,9371],[6280,9346],[6353,9270],[6362,9188],[6337,9075],[6380,8747],[6411,8675],[6428,8578],[6411,8444],[6368,8427],[6358,8322],[6225,8269],[6155,8265],[6008,8384],[5960,8445],[5891,8479],[5796,8483],[5773,8598],[5720,8610],[5653,8678],[5733,8682],[5752,8708],[5735,8785],[5683,8869],[5679,9020],[5639,9116],[5654,9150],[5736,9164],[5764,9197],[5735,9463],[5800,9456],[5945,9484],[6122,9562]]]}},{"type":"Feature","id":"MK.IL","properties":{"hc-group":"admin1","hc-middle-x":0.55,"hc-middle-y":0.46,"hc-key":"mk-il","hc-a2":"IL","labelrank":"10","hasc":"MK.IL","alt-name":null,"woe-id":"24550769","subregion":null,"fips":"MK36","postal-code":"IL","name":"Ilinden","country":"Macedonia","type-en":"Statistical Region","region":"Skopje","longitude":"21.6093","woe-name":"Ilinden","latitude":"41.9758","woe-label":"Ilinden Municipality, MK, Macedonia","type":"Statistical Region"},"geometry":{"type":"Polygon","coordinates":[[[4247,7650],[4180,7517],[4200,7448],[4196,7370],[4088,7360],[4016,7409],[3813,7285],[3806,7383],[3766,7458],[3600,7561],[3589,7599],[3629,7665],[3752,7725],[3831,7740],[3943,7885],[4021,7965],[4034,7931],[4184,7817],[4241,7818],[4247,7650]]]}},{"type":"Feature","id":"MK.VE","properties":{"hc-group":"admin1","hc-middle-x":0.56,"hc-middle-y":0.59,"hc-key":"mk-ve","hc-a2":"VE","labelrank":"10","hasc":"MK.VE","alt-name":null,"woe-id":"24550815","subregion":null,"fips":"MKB1","postal-code":"VE","name":"Veles","country":"Macedonia","type-en":"Statistical Region","region":"Vardar","longitude":"21.7157","woe-name":"Veles","latitude":"41.7213","woe-label":"Veles Municipality, MK, Macedonia","type":"Statistical Region"},"geometry":{"type":"Polygon","coordinates":[[[4004,6723],[4047,6690],[4125,6681],[4173,6699],[4170,6625],[4282,6719],[4329,6653],[4379,6636],[4411,6666],[4458,6839],[4472,6940],[4460,7084],[4487,7116],[4597,7137],[4741,7247],[4742,7175],[4789,6999],[4938,6816],[4925,6764],[4814,6645],[4809,6600],[4895,6490],[4886,6421],[4843,6326],[4845,6260],[4927,6248],[4998,6123],[4983,5967],[4877,5848],[4808,5682],[4768,5617],[4657,5606],[4631,5498],[4493,5526],[4456,5568],[4444,5711],[4408,5728],[4357,5678],[4290,5705],[4272,5816],[4236,5870],[4194,6026],[3938,6095],[3905,6068],[3859,6085],[3769,6273],[3846,6285],[3938,6328],[4022,6469],[4022,6571],[3984,6607],[3984,6716],[4004,6723]]]}},{"type":"Feature","id":"MK.ZK","properties":{"hc-group":"admin1","hc-middle-x":0.61,"hc-middle-y":0.59,"hc-key":"mk-zk","hc-a2":"ZK","labelrank":"10","hasc":"MK.ZK","alt-name":null,"woe-id":"24550820","subregion":null,"fips":"MKC2","postal-code":"ZK","name":"Zelenikovo","country":"Macedonia","type-en":"Statistical Region","region":"Skopje","longitude":"21.5518","woe-name":"Zelenikovo Municipality","latitude":"41.8091","woe-label":null,"type":"Statistical Region"},"geometry":{"type":"Polygon","coordinates":[[[4004,6723],[3984,6716],[3984,6607],[4022,6571],[4022,6469],[3938,6328],[3846,6285],[3769,6273],[3737,6282],[3422,6270],[3397,6294],[3416,6418],[3332,6564],[3326,6682],[3388,6784],[3419,6782],[3440,6705],[3503,6703],[3530,6812],[3609,6924],[3620,7003],[3828,7145],[3889,7143],[4043,7078],[4038,6791],[4004,6723]]]}},{"type":"Feature","id":"MK.SO","properties":{"hc-group":"admin1","hc-middle-x":0.80,"hc-middle-y":0.82,"hc-key":"mk-so","hc-a2":"SO","labelrank":"10","hasc":"MK.SO","alt-name":null,"woe-id":"24550756","subregion":null,"fips":"MK17","postal-code":"SO","name":"?uto Orizari","country":"Macedonia","type-en":"Municipality","region":"Greater Skopje","longitude":"21.4069","woe-name":"Centar Municipality","latitude":"42.0341","woe-label":null,"type":"Municipality"},"geometry":{"type":"Polygon","coordinates":[[[3136,7912],[3149,7791],[3101,7779],[3039,7878],[2991,7895],[2994,7991],[3058,8030],[3136,7912]]]}},{"type":"Feature","id":"MK.DE","properties":{"hc-group":"admin1","hc-middle-x":0.47,"hc-middle-y":0.56,"hc-key":"mk-de","hc-a2":"DE","labelrank":"10","hasc":"MK.DE","alt-name":null,"woe-id":"24550763","subregion":null,"fips":"MK28","postal-code":"DE","name":"Dolneni","country":"Macedonia","type-en":"Statistical Region","region":"Pelagonia","longitude":"21.4307","woe-name":"Dolneni","latitude":"41.4684","woe-label":"Dolneni Municipality, MK, Macedonia","type":"Statistical Region"},"geometry":{"type":"Polygon","coordinates":[[[2942,5436],[2978,5437],[3149,5376],[3241,5233],[3287,5216],[3319,5097],[3326,4964],[3383,4881],[3427,4859],[3616,4877],[3648,4769],[3690,4733],[3842,4696],[3915,4599],[3833,4540],[3800,4404],[3707,4370],[3613,4284],[3473,4277],[3375,4246],[3287,4246],[3189,4129],[3100,4071],[3044,4114],[2865,4094],[2831,4127],[2806,4266],[2778,4277],[2675,4208],[2520,4376],[2472,4400],[2491,4462],[2632,4459],[2636,4520],[2529,4647],[2458,4753],[2460,4808],[2544,4842],[2579,4903],[2628,4911],[2749,4856],[2744,5003],[2779,5084],[2872,5198],[2899,5264],[2909,5436],[2942,5436]]]}},{"type":"Feature","id":"MK.KG","properties":{"hc-group":"admin1","hc-middle-x":0.53,"hc-middle-y":0.59,"hc-key":"mk-kg","hc-a2":"KG","labelrank":"10","hasc":"MK.KG","alt-name":null,"woe-id":"24550781","subregion":null,"fips":"MK53","postal-code":"KG","name":"Krivoga?tani","country":"Macedonia","type-en":"Statistical Region","region":"Pelagonia","longitude":"21.3682","woe-name":"Krivogastani Municipality","latitude":"41.3012","woe-label":null,"type":"Statistical Region"},"geometry":{"type":"Polygon","coordinates":[[[2675,4208],[2778,4277],[2806,4266],[2831,4127],[2865,4094],[3044,4114],[3100,4071],[3033,4012],[3033,3959],[3071,3893],[3157,3885],[3176,3821],[3139,3754],[3119,3618],[2996,3490],[2909,3480],[2836,3553],[2781,3574],[2726,3617],[2770,3736],[2769,3852],[2669,3999],[2675,4208]]]}},{"type":"Feature","id":"MK.MG","properties":{"hc-group":"admin1","hc-middle-x":0.39,"hc-middle-y":0.57,"hc-key":"mk-mg","hc-a2":"MG","labelrank":"10","hasc":"MK.MG","alt-name":null,"woe-id":"24550789","subregion":null,"fips":"MK67","postal-code":"MG","name":"Pelagonia","country":"Macedonia","type-en":"Statistical Region","region":null,"longitude":"21.4512","woe-name":"Pelagonia","latitude":"41.147","woe-label":"Mogila Municipality, MK, Macedonia","type":"Statistical Region"},"geometry":{"type":"Polygon","coordinates":[[[2909,3480],[2929,3412],[3034,3396],[3089,3363],[3139,3283],[3192,3242],[3233,3172],[3352,3156],[3382,3104],[3464,3060],[3558,3058],[3644,3097],[3721,3037],[3896,2988],[3912,2970],[3893,2883],[3714,2651],[3665,2620],[3472,2646],[3350,2693],[3306,2692],[3240,2644],[3192,2567],[3097,2578],[3022,2528],[2965,2536],[2900,2608],[2906,2758],[2895,2833],[2771,2904],[2733,2948],[2695,3048],[2695,3104],[2732,3223],[2694,3277],[2648,3328],[2729,3561],[2781,3574],[2836,3553],[2909,3480]]]}},{"type":"Feature","id":"MK.ZA","properties":{"hc-group":"admin1","hc-middle-x":0.59,"hc-middle-y":0.41,"hc-key":"mk-za","hc-a2":"ZA","labelrank":"10","hasc":"MK.ZA","alt-name":null,"woe-id":"24550864","subregion":null,"fips":"MKC1","postal-code":"ZA","name":"Zajas","country":"Macedonia","type-en":"Statistical Region","region":"Southwestern","longitude":"20.8849","woe-name":"Zajas","latitude":"41.6012","woe-label":"Zajas Municipality, MK, Macedonia","type":"Statistical Region"},"geometry":{"type":"Polygon","coordinates":[[[920,5029],[872,5125],[806,5197],[747,5337],[677,5348],[598,5548],[550,5557],[476,5545],[439,5609],[485,5665],[581,5669],[689,5782],[737,5812],[833,5812],[922,5837],[1057,5815],[1184,5736],[1293,5611],[1297,5351],[1218,5190],[1130,5186],[1010,5118],[939,5103],[920,5029]]]}},{"type":"Feature","id":"MK.VL","properties":{"hc-group":"admin1","hc-middle-x":0.71,"hc-middle-y":0.60,"hc-key":"mk-vl","hc-a2":"VL","labelrank":"10","hasc":"MK.VL","alt-name":null,"woe-id":"24550814","subregion":null,"fips":"MKA9","postal-code":"VL","name":"Vasilevo","country":"Macedonia","type-en":"Statistical Region","region":"Southeastern","longitude":"22.6159","woe-name":"Vasilevo Municipality","latitude":"41.5436","woe-label":null,"type":"Statistical Region"},"geometry":{"type":"Polygon","coordinates":[[[8460,4824],[8383,4767],[8275,4730],[8152,4730],[8063,4841],[7977,4890],[7858,4910],[7833,4855],[7759,4776],[7731,4878],[7733,5006],[7745,5047],[7714,5108],[7730,5144],[7824,5183],[7845,5237],[7887,5248],[7954,5209],[8081,5088],[8121,5100],[8163,5162],[8165,5259],[8130,5406],[8039,5517],[8048,5586],[8114,5700],[8252,5730],[8266,5633],[8320,5697],[8369,5708],[8430,5645],[8481,5632],[8516,5579],[8507,5466],[8455,5444],[8458,5396],[8550,5400],[8678,5374],[8698,5202],[8677,5040],[8635,4954],[8569,4888],[8495,4865],[8460,4824]]]}},{"type":"Feature","id":"MK.BS","properties":{"hc-group":"admin1","hc-middle-x":0.44,"hc-middle-y":0.52,"hc-key":"mk-bs","hc-a2":"BS","labelrank":"10","hasc":"MK.BS","alt-name":null,"woe-id":"24550750","subregion":null,"fips":"MK11","postal-code":"BS","name":"Bosilovo","country":"Macedonia","type-en":"Statistical Region","region":null,"longitude":"22.7665","woe-name":"Bosilovo Municipality","latitude":"41.4665","woe-label":null,"type":"Statistical Region"},"geometry":{"type":"Polygon","coordinates":[[[8944,4407],[8828,4373],[8757,4396],[8717,4438],[8685,4531],[8597,4500],[8516,4530],[8547,4662],[8513,4772],[8460,4824],[8495,4865],[8569,4888],[8635,4954],[8677,5040],[8698,5202],[8678,5374],[8722,5369],[8766,5276],[8867,5192],[8992,5173],[9136,5168],[9235,5090],[9242,4996],[9126,4811],[9003,4698],[9008,4535],[9000,4468],[8944,4407]]]}}]}