{"title":"Mauritania","version":"1.1.2","type":"FeatureCollection","copyright":"Copyright (c) 2015 Highsoft AS, Based on data from Natural Earth","copyrightShort":"Natural Earth","copyrightUrl":"http://www.naturalearthdata.com","crs":{"type":"name","properties":{"name":"urn:ogc:def:crs:EPSG:3344"}},"hc-transform":{"default":{"crs":"+proj=utm +zone=29 +ellps=GRS80 +towgs84=0,0,0,0,0,0,0 +units=m +no_defs","scale":0.000504728660665,"jsonres":15.5,"jsonmarginX":-999,"jsonmarginY":9851.0,"xoffset":-342664.248797,"yoffset":3018088.24325}},
"features":[{"type":"Feature","id":"MR.4965","properties":{"hc-group":"admin1","hc-middle-x":0.47,"hc-middle-y":0.50,"hc-key":"mr-4965","hc-a2":"NU","labelrank":"20","hasc":"-99","alt-name":null,"woe-id":"-99","subregion":null,"fips":null,"postal-code":null,"name":null,"country":"Mauritania","type-en":null,"region":null,"longitude":"-16.528","woe-name":null,"latitude":"19.9222","woe-label":null,"type":null},"geometry":{"type":"Polygon","coordinates":[[[-575,3603],[-593,3600],[-593,3620],[-576,3625],[-575,3603]]]}},{"type":"Feature","id":"MR.DN","properties":{"hc-group":"admin1","hc-middle-x":0.33,"hc-middle-y":0.31,"hc-key":"mr-dn","hc-a2":"DN","labelrank":"6","hasc":"MR.DN","alt-name":"Dakhlet Nouâdhibou|Baie du Lévrier|Lévrier Bay","woe-id":"2346248","subregion":null,"fips":"MR08","postal-code":"DN","name":"Dakhlet Nouadhibou","country":"Mauritania","type-en":"Region","region":null,"longitude":"-16.1354","woe-name":"Dakhlet Nouadhibou","latitude":"20.8429","woe-label":"Dakhlet Nouadhibou, MR, Mauritania","type":"Wilayat|Région"},"geometry":{"type":"MultiPolygon","coordinates":[[[[-429,3547],[-459,3431],[-518,3329],[-540,3403],[-487,3520],[-429,3547]]],[[[1387,4600],[28,4657],[227,4289],[-398,3231],[-435,3198],[-416,3274],[-489,3208],[-452,3278],[-551,3211],[-346,3489],[-369,3595],[-394,3604],[-321,3698],[-356,3788],[-302,3855],[-331,3922],[-376,3959],[-474,4238],[-552,4324],[-570,4169],[-666,4270],[-745,4507],[-820,4622],[-853,4706],[-939,4598],[-934,4512],[-984,4369],[-999,4464],[-965,4596],[-925,4694],[-879,4859],[1293,4767],[1387,4600]]]]}},{"type":"Feature","id":"MR.IN","properties":{"hc-group":"admin1","hc-middle-x":0.62,"hc-middle-y":0.50,"hc-key":"mr-in","hc-a2":"IN","labelrank":"4","hasc":"MR.IN","alt-name":null,"woe-id":"2346252","subregion":null,"fips":"MR12","postal-code":"IN","name":"Inchiri","country":"Mauritania","type-en":"Region","region":null,"longitude":"-15.345","woe-name":"Inchiri","latitude":"20.0734","woe-label":"Inchiri, MR, Mauritania","type":"Wilayat|Région"},"geometry":{"type":"Polygon","coordinates":[[[-356,2794],[-411,2913],[-479,2996],[-559,3032],[-599,3154],[-505,3143],[-435,3198],[-398,3231],[227,4289],[28,4657],[1387,4600],[1402,4577],[1302,3111],[1289,2739],[1256,2740],[-356,2794]]]}},{"type":"Feature","id":"MR.NO","properties":{"hc-group":"admin1","hc-middle-x":0.04,"hc-middle-y":0.26,"hc-key":"mr-no","hc-a2":"NO","labelrank":"7","hasc":"MR.NO","alt-name":null,"woe-id":"24550716","subregion":null,"fips":"MR06","postal-code":"NO","name":"Nouakchott","country":"Mauritania","type-en":"District","region":null,"longitude":"-15.92","woe-name":"Nouakchott","latitude":"18.139","woe-label":"Nouakchott, MR, Mauritania","type":"District"},"geometry":{"type":"Polygon","coordinates":[[[-246,1822],[-237,1886],[-253,2262],[-21,2255],[-37,1814],[-246,1822]]]}},{"type":"Feature","id":"MR.BR","properties":{"hc-group":"admin1","hc-middle-x":0.62,"hc-middle-y":0.55,"hc-key":"mr-br","hc-a2":"BR","labelrank":"4","hasc":"MR.BR","alt-name":null,"woe-id":"2346245","subregion":null,"fips":"MR05","postal-code":"BR","name":"Brakna","country":"Mauritania","type-en":"Region","region":null,"longitude":"-13.6298","woe-name":"Brakna","latitude":"17.0824","woe-label":"Brakna, MR, Mauritania","type":"Wilayat|Région"},"geometry":{"type":"Polygon","coordinates":[[[1643,262],[1620,282],[1565,231],[1485,309],[1439,328],[1429,422],[1398,438],[1130,689],[1077,712],[1013,690],[917,688],[638,709],[623,733],[721,801],[903,886],[947,931],[1160,1081],[1473,1520],[1665,1686],[2563,2322],[2715,2074],[2688,1835],[2648,1397],[2758,1277],[2840,1206],[2807,1165],[2687,1116],[2664,1075],[2488,1014],[2427,946],[2405,852],[2311,644],[2161,612],[2120,565],[2098,473],[1754,388],[1718,373],[1702,301],[1643,262]]]}},{"type":"Feature","id":"MR.TR","properties":{"hc-group":"admin1","hc-middle-x":0.41,"hc-middle-y":0.40,"hc-key":"mr-tr","hc-a2":"TR","labelrank":"4","hasc":"MR.TR","alt-name":null,"woe-id":"2346246","subregion":null,"fips":"MR06","postal-code":"TR","name":"Trarza","country":"Mauritania","type-en":"Region","region":null,"longitude":"-14.6057","woe-name":"Trarza","latitude":"17.9339","woe-label":"Trarza, MR, Mauritania","type":"Wilayat|Région"},"geometry":{"type":"Polygon","coordinates":[[[2563,2322],[1665,1686],[1473,1520],[1160,1081],[947,931],[903,886],[721,801],[623,735],[603,752],[501,675],[383,650],[219,643],[202,667],[114,614],[65,621],[12,588],[-106,620],[-309,611],[-373,665],[-473,645],[-539,601],[-592,404],[-665,343],[-706,202],[-711,107],[-741,27],[-723,174],[-724,427],[-656,621],[-645,753],[-537,1009],[-480,1093],[-384,1282],[-297,1526],[-268,1631],[-246,1822],[-37,1814],[-21,2255],[-253,2262],[-257,2343],[-304,2471],[-332,2616],[-325,2660],[-356,2794],[1256,2740],[1289,2739],[2096,2718],[2563,2322]]]}},{"type":"Feature","id":"MR.AS","properties":{"hc-group":"admin1","hc-middle-x":0.58,"hc-middle-y":0.55,"hc-key":"mr-as","hc-a2":"AS","labelrank":"4","hasc":"MR.AS","alt-name":"Açaba|el-`Açâba","woe-id":"2346243","subregion":null,"fips":"MR03","postal-code":"AS","name":"Assaba","country":"Mauritania","type-en":"Region","region":null,"longitude":"-11.7106","woe-name":"Assaba","latitude":"16.5835","woe-label":"Assaba, MR, Mauritania","type":"Wilayat|Région"},"geometry":{"type":"Polygon","coordinates":[[[4263,-411],[4136,-415],[4126,-486],[4058,-531],[3983,-691],[3875,-545],[3664,-386],[3572,-254],[3474,-218],[3476,-255],[3374,-318],[3326,-307],[3371,-144],[3403,-109],[3448,9],[3500,65],[3410,80],[3352,120],[3232,129],[3252,71],[3219,16],[3134,11],[3076,44],[3073,142],[3000,190],[2897,205],[2883,291],[2823,323],[2726,280],[2740,366],[2728,486],[2538,526],[2450,505],[2473,586],[2439,664],[2395,692],[2423,821],[2405,852],[2427,946],[2488,1014],[2664,1075],[2687,1116],[2807,1165],[2840,1206],[2919,1128],[3170,1037],[3302,1081],[3454,1065],[3490,1111],[3509,1385],[3543,1398],[3505,1440],[3583,1478],[3581,1541],[3496,1665],[3515,1663],[3443,1786],[3483,1868],[3535,1891],[3669,1877],[3762,1904],[3798,1960],[3778,1981],[3853,2047],[3964,2087],[3868,1579],[3856,1523],[3884,1407],[3938,1291],[3946,1198],[3920,1092],[3945,1039],[3931,935],[3934,793],[4011,727],[4059,617],[4170,607],[4117,526],[4030,488],[4082,451],[4051,347],[4057,300],[4121,245],[4105,124],[4198,31],[4263,-411]]]}},{"type":"Feature","id":"MR.GD","properties":{"hc-group":"admin1","hc-middle-x":0.45,"hc-middle-y":0.53,"hc-key":"mr-gd","hc-a2":"GD","labelrank":"4","hasc":"MR.GD","alt-name":"Guidimagha|Guidimakha","woe-id":"2346250","subregion":null,"fips":"MR10","postal-code":"GD","name":"Guidimaka","country":"Mauritania","type-en":"Region","region":null,"longitude":"-12.1235","woe-name":"Guidimaka","latitude":"15.3352","woe-label":"Guidimaka, MR, Mauritania","type":"Wilayat|Région"},"geometry":{"type":"Polygon","coordinates":[[[3076,44],[3134,11],[3219,16],[3252,71],[3232,129],[3352,120],[3410,80],[3500,65],[3448,9],[3403,-109],[3371,-144],[3326,-307],[3305,-304],[3201,-616],[3187,-729],[3226,-747],[3219,-858],[3089,-961],[3007,-999],[2950,-955],[2877,-972],[2745,-898],[2691,-835],[2672,-766],[2538,-670],[2489,-681],[2442,-646],[2479,-526],[2581,-352],[2661,-271],[2688,-193],[2833,-66],[2881,-4],[2961,-1],[3076,44]]]}},{"type":"Feature","id":"MR.GO","properties":{"hc-group":"admin1","hc-middle-x":0.54,"hc-middle-y":0.50,"hc-key":"mr-go","hc-a2":"GO","labelrank":"4","hasc":"MR.GO","alt-name":null,"woe-id":"2346244","subregion":null,"fips":"MR04","postal-code":"GO","name":"Gorgol","country":"Mauritania","type-en":"Region","region":null,"longitude":"-12.8565","woe-name":"Gorgol","latitude":"16.0296","woe-label":"Gorgol, MR, Mauritania","type":"Wilayat|Région"},"geometry":{"type":"Polygon","coordinates":[[[3076,44],[2961,-1],[2881,-4],[2833,-66],[2688,-193],[2661,-271],[2581,-352],[2479,-526],[2442,-646],[2414,-580],[2351,-566],[2371,-525],[2311,-452],[2265,-315],[2159,-324],[2134,-231],[2037,-212],[2046,-149],[1998,-77],[1978,49],[1876,207],[1832,196],[1839,254],[1678,215],[1643,262],[1702,301],[1718,373],[1754,388],[2098,473],[2120,565],[2161,612],[2311,644],[2405,852],[2423,821],[2395,692],[2439,664],[2473,586],[2450,505],[2538,526],[2728,486],[2740,366],[2726,280],[2823,323],[2883,291],[2897,205],[3000,190],[3073,142],[3076,44]]]}},{"type":"Feature","id":"MR.AD","properties":{"hc-group":"admin1","hc-middle-x":0.47,"hc-middle-y":0.63,"hc-key":"mr-ad","hc-a2":"AD","labelrank":"6","hasc":"MR.AD","alt-name":null,"woe-id":"2346247","subregion":null,"fips":"MR07","postal-code":"AD","name":"Adrar","country":"Mauritania","type-en":"Region","region":null,"longitude":"-10.3339","woe-name":"Adrar","latitude":"20.7634","woe-label":"Adrar, MR, Mauritania","type":"Wilayat|Région"},"geometry":{"type":"Polygon","coordinates":[[[1289,2739],[1302,3111],[1402,4577],[1387,4600],[1293,4767],[2334,4737],[2326,4953],[2852,4740],[4145,4865],[7574,7261],[7574,7261],[7574,7261],[7574,7261],[7574,7261],[7574,7256],[7644,6705],[7699,6265],[7694,6250],[6423,3305],[3925,3301],[3603,3043],[3578,2865],[3392,2969],[3215,2850],[2839,2614],[2563,2322],[2096,2718],[1289,2739]]]}},{"type":"Feature","id":"MR.HC","properties":{"hc-group":"admin1","hc-middle-x":0.47,"hc-middle-y":0.74,"hc-key":"mr-hc","hc-a2":"HC","labelrank":"4","hasc":"MR.HC","alt-name":"Eastern Hodh|Hodh Charghi|Hodh Oriental","woe-id":"2346241","subregion":null,"fips":"MR01","postal-code":"HC","name":"Hodh ech Chargui","country":"Mauritania","type-en":"Region","region":null,"longitude":"-7.19158","woe-name":"Hodh ech Chargui","latitude":"18.0225","woe-label":"Hodh Ech Chargui, MR, Mauritania","type":"Wilayat|Région"},"geometry":{"type":"Polygon","coordinates":[[[6423,3305],[7694,6250],[7699,6265],[7989,3991],[8099,3126],[8414,559],[8429,532],[8633,395],[8643,376],[8523,-335],[5591,-358],[5627,-320],[5619,-45],[5537,132],[5703,357],[5682,418],[5802,539],[6185,965],[5927,1248],[5469,1188],[5471,1193],[6423,3305]]]}},{"type":"Feature","id":"MR.HG","properties":{"hc-group":"admin1","hc-middle-x":0.46,"hc-middle-y":0.51,"hc-key":"mr-hg","hc-a2":"HG","labelrank":"4","hasc":"MR.HG","alt-name":"Hodh Occidental|Western Hodh","woe-id":"2346242","subregion":null,"fips":"MR02","postal-code":"HG","name":"Hodh el Gharbi","country":"Mauritania","type-en":"Region","region":null,"longitude":"-9.69143","woe-name":"Hodh el Gharbi","latitude":"16.4832","woe-label":"Hodh El Gharbi, MR, Mauritania","type":"Wilayat|Région"},"geometry":{"type":"Polygon","coordinates":[[[5469,1188],[5927,1248],[6185,965],[5802,539],[5682,418],[5703,357],[5537,132],[5619,-45],[5627,-320],[5591,-358],[5300,-358],[5315,-192],[5278,-193],[5214,-303],[5238,-405],[5029,-413],[4892,-464],[4795,-455],[4643,-462],[4495,-407],[4305,-400],[4263,-411],[4198,31],[4105,124],[4121,245],[4057,300],[4051,347],[4082,451],[4030,488],[4117,526],[4170,607],[4059,617],[4011,727],[3934,793],[3931,935],[3945,1039],[3920,1092],[3946,1198],[3938,1291],[3884,1407],[3856,1523],[3868,1579],[4487,1396],[4993,1427],[5469,1188]]]}},{"type":"Feature","id":"MR.TG","properties":{"hc-group":"admin1","hc-middle-x":0.54,"hc-middle-y":0.41,"hc-key":"mr-tg","hc-a2":"TG","labelrank":"4","hasc":"MR.TG","alt-name":null,"woe-id":"2346249","subregion":null,"fips":"MR09","postal-code":"TG","name":"Tagant","country":"Mauritania","type-en":"Region","region":null,"longitude":"-10.3284","woe-name":"Tagant","latitude":"18.6165","woe-label":"Tagant, MR, Mauritania","type":"Wilayat|Région"},"geometry":{"type":"Polygon","coordinates":[[[5469,1188],[4993,1427],[4487,1396],[3868,1579],[3964,2087],[3853,2047],[3778,1981],[3798,1960],[3762,1904],[3669,1877],[3535,1891],[3483,1868],[3443,1786],[3515,1663],[3496,1665],[3581,1541],[3583,1478],[3505,1440],[3543,1398],[3509,1385],[3490,1111],[3454,1065],[3302,1081],[3170,1037],[2919,1128],[2840,1206],[2758,1277],[2648,1397],[2688,1835],[2715,2074],[2563,2322],[2839,2614],[3215,2850],[3392,2969],[3578,2865],[3603,3043],[3925,3301],[6423,3305],[5471,1193],[5469,1188]]]}},{"type":"Feature","id":"MR.TZ","properties":{"hc-group":"admin1","hc-middle-x":0.39,"hc-middle-y":0.54,"hc-key":"mr-tz","hc-a2":"TZ","labelrank":"4","hasc":"MR.TZ","alt-name":null,"woe-id":"2346251","subregion":null,"fips":"MR11","postal-code":"TZ","name":"Tiris Zemmour","country":"Mauritania","type-en":"Region","region":null,"longitude":"-8.99419","woe-name":"Tiris Zemmour","latitude":"24.3349","woe-label":"Tiris Zemmour, MR, Mauritania","type":"Wilayat|Région"},"geometry":{"type":"MultiPolygon","coordinates":[[[[2326,4953],[2298,5746],[2246,5971],[2285,6084],[2373,6198],[2696,6409],[2910,6449],[3087,6529],[3169,6549],[3184,6592],[3232,8760],[5823,8733],[5843,8749],[5839,9851],[8335,8273],[8894,7917],[7494,7882],[7574,7261],[7574,7261],[7574,7261],[4145,4865],[2852,4740],[2326,4953]]],[[[7574,7256],[7574,7261],[7574,7261],[7574,7261],[7574,7261],[7574,7256]]]]}}]}