{"title":"Malawi","version":"1.1.2","type":"FeatureCollection","copyright":"Copyright (c) 2015 Highsoft AS, Based on data from Natural Earth","copyrightShort":"Natural Earth","copyrightUrl":"http://www.naturalearthdata.com","crs":{"type":"name","properties":{"name":"urn:ogc:def:crs:EPSG:32736"}},"hc-transform":{"default":{"crs":"+proj=utm +zone=36 +south +datum=WGS84 +units=m +no_defs","scale":0.000815090252424,"jsonres":15.5,"jsonmarginX":-999,"jsonmarginY":9851.0,"xoffset":463577.627862,"yoffset":8962907.37196}},
"features":[{"type":"Feature","id":"MW.6970","properties":{"hc-group":"admin1","hc-middle-x":0.50,"hc-middle-y":0.54,"hc-key":"mw-6970","hc-a2":"LI","labelrank":"7","hasc":"MW.NA","alt-name":null,"woe-id":"20070147","subregion":null,"fips":"MI17","postal-code":null,"name":"Likoma","country":"Malawi","type-en":"District","region":"Northern","longitude":"34.706","woe-name":"Nkhata Bay","latitude":"-12.0727","woe-label":"Nkhata Bay, MW, Malawi","type":"District"},"geometry":{"type":"Polygon","coordinates":[[[1854,6062],[1823,6060],[1802,6078],[1824,6132],[1839,6144],[1877,6125],[1855,6113],[1854,6062]]]}},{"type":"Feature","id":"MW.MA","properties":{"hc-group":"admin1","hc-middle-x":0.49,"hc-middle-y":0.60,"hc-key":"mw-ma","hc-a2":"MA","labelrank":"7","hasc":"MW.MA","alt-name":"Kasupe|Kasupi|Liwonde","woe-id":"20070138","subregion":null,"fips":"MI28","postal-code":"MA","name":"Machinga","country":"Malawi","type-en":"District","region":null,"longitude":"35.5384","woe-name":"Machinga","latitude":"-14.9533","woe-label":"Machinga, MW, Malawi","type":"District"},"geometry":{"type":"Polygon","coordinates":[[[3206,2618],[3255,2555],[3320,2487],[3344,2443],[3354,2150],[3363,2137],[3409,2135],[3250,1773],[3241,1738],[3246,1683],[2896,1693],[2870,1673],[2810,1648],[2777,1646],[2683,1683],[2640,1689],[2576,1643],[2502,1659],[2449,1626],[2426,1634],[2410,1666],[2432,1699],[2465,1817],[2490,1866],[2508,1931],[2550,1995],[2585,2021],[2594,2052],[2608,2164],[2606,2230],[2591,2291],[2555,2328],[2550,2382],[2574,2435],[2605,2422],[2657,2360],[2779,2317],[2820,2331],[2856,2368],[2905,2391],[2928,2448],[2922,2495],[2947,2534],[2995,2557],[3063,2572],[3137,2577],[3168,2588],[3206,2618]]]}},{"type":"Feature","id":"MW.DE","properties":{"hc-group":"admin1","hc-middle-x":0.59,"hc-middle-y":0.48,"hc-key":"mw-de","hc-a2":"DE","labelrank":"7","hasc":"MW.DE","alt-name":null,"woe-id":"20070135","subregion":null,"fips":"MI06","postal-code":"DE","name":"Dedza","country":"Malawi","type-en":"District","region":"Central","longitude":"34.1833","woe-name":"Dedza","latitude":"-14.2064","woe-label":"Dedza, MW, Malawi","type":"District"},"geometry":{"type":"Polygon","coordinates":[[[1574,3291],[1625,3225],[1644,3169],[1665,3133],[1689,3116],[1754,3099],[1777,3078],[1771,3021],[1791,3007],[1844,3027],[1844,3026],[1844,2967],[1733,2900],[1630,2824],[1552,2793],[1516,2790],[1440,2834],[1373,2841],[1341,2816],[1292,2853],[1249,2830],[1206,2829],[1071,2781],[972,2779],[928,2761],[892,2705],[749,2724],[671,2715],[592,2667],[553,2653],[515,2657],[442,2714],[413,2705],[392,2673],[381,2633],[376,2560],[363,2550],[322,2572],[303,2614],[364,2664],[395,2711],[404,2787],[415,2829],[437,2859],[549,2915],[610,2964],[651,2966],[722,2985],[745,3003],[758,3090],[775,3124],[847,3141],[894,3180],[952,3238],[986,3312],[1056,3396],[1106,3497],[1189,3563],[1214,3603],[1273,3518],[1376,3413],[1421,3331],[1464,3266],[1502,3233],[1574,3291]]]}},{"type":"Feature","id":"MW.LI","properties":{"hc-group":"admin1","hc-middle-x":0.41,"hc-middle-y":0.50,"hc-key":"mw-li","hc-a2":"LI","labelrank":"7","hasc":"MW.LI","alt-name":null,"woe-id":"20070134","subregion":null,"fips":"MI11","postal-code":"LI","name":"Lilongwe","country":"Malawi","type-en":"District","region":"Central","longitude":"33.7683","woe-name":"Lilongwe","latitude":"-14.0415","woe-label":"Lilongwe, MW, Malawi","type":"District"},"geometry":{"type":"Polygon","coordinates":[[[1214,3603],[1189,3563],[1106,3497],[1056,3396],[986,3312],[952,3238],[894,3180],[847,3141],[775,3124],[758,3090],[745,3003],[722,2985],[651,2966],[610,2964],[549,2915],[437,2859],[415,2829],[404,2787],[395,2711],[364,2664],[303,2614],[284,2666],[257,2696],[204,2726],[177,2778],[102,2820],[59,2867],[-9,3007],[-52,3077],[-49,3103],[-65,3172],[-85,3230],[-86,3266],[-72,3319],[-81,3362],[-73,3414],[-82,3445],[-109,3487],[-130,3539],[-178,3595],[-192,3644],[-176,3674],[-174,3710],[-149,3771],[-153,3800],[-83,3919],[-19,3980],[-7,4035],[-16,4058],[-2,4098],[39,4125],[78,4091],[69,4010],[99,3867],[113,3847],[176,3814],[257,3813],[473,3873],[493,3870],[519,3750],[560,3728],[674,3738],[747,3730],[823,3702],[894,3643],[993,3657],[1050,3684],[1131,3681],[1169,3702],[1166,3664],[1094,3620],[1081,3582],[1100,3574],[1161,3603],[1214,3603]]]}},{"type":"Feature","id":"MW.DO","properties":{"hc-group":"admin1","hc-middle-x":0.52,"hc-middle-y":0.70,"hc-key":"mw-do","hc-a2":"DO","labelrank":"8","hasc":"MW.DO","alt-name":null,"woe-id":"20070132","subregion":null,"fips":"MI07","postal-code":"DO","name":"Dowa","country":"Malawi","type-en":"District","region":"Central","longitude":"33.8651","woe-name":"Dowa","latitude":"-13.625","woe-label":"Dowa, MW, Malawi","type":"District"},"geometry":{"type":"Polygon","coordinates":[[[1169,3702],[1131,3681],[1050,3684],[993,3657],[894,3643],[823,3702],[747,3730],[674,3738],[560,3728],[519,3750],[493,3870],[473,3873],[257,3813],[176,3814],[113,3847],[99,3867],[69,4010],[78,4091],[39,4125],[96,4241],[107,4289],[89,4326],[99,4344],[173,4315],[211,4347],[226,4375],[264,4400],[287,4447],[308,4469],[319,4419],[371,4382],[407,4346],[442,4289],[472,4212],[484,4106],[498,4090],[579,4087],[654,4113],[690,4115],[766,4093],[825,4096],[903,4067],[938,4066],[988,4088],[1009,3985],[994,3922],[1019,3904],[1103,3827],[1139,3827],[1204,3855],[1218,3834],[1220,3785],[1248,3759],[1240,3737],[1169,3702]]]}},{"type":"Feature","id":"MW.MG","properties":{"hc-group":"admin1","hc-middle-x":0.55,"hc-middle-y":0.77,"hc-key":"mw-mg","hc-a2":"MG","labelrank":"7","hasc":"MW.MG","alt-name":"Mangoche|Fort Johnston","woe-id":"20070136","subregion":null,"fips":"MI12","postal-code":"MG","name":"Mangochi","country":"Malawi","type-en":"District","region":"Southern","longitude":"35.3501","woe-name":"Mangochi","latitude":"-14.374","woe-label":"Mangochi, MW, Malawi","type":"District"},"geometry":{"type":"Polygon","coordinates":[[[1844,2967],[1844,3026],[1844,3027],[1923,3058],[1957,3113],[1932,3155],[1946,3192],[2002,3259],[1972,3333],[1977,3368],[2004,3386],[2045,3374],[2111,3317],[2098,3269],[2109,3210],[2140,3172],[2184,3182],[2212,3152],[2244,3157],[2277,3127],[2303,3082],[2313,3042],[2360,2979],[2383,2971],[2424,2911],[2520,2825],[2560,2853],[2579,2914],[2557,2948],[2502,3063],[2484,3155],[2430,3246],[2437,3314],[2422,3351],[2374,3427],[2347,3597],[2310,3650],[2287,3738],[2268,3764],[2217,3775],[2075,3771],[2030,3786],[1999,3819],[1992,3855],[2003,3945],[1997,4009],[2010,4066],[2051,4040],[2309,3801],[2811,3191],[2900,3014],[3206,2618],[3168,2588],[3137,2577],[3063,2572],[2995,2557],[2947,2534],[2922,2495],[2928,2448],[2905,2391],[2856,2368],[2820,2331],[2779,2317],[2657,2360],[2605,2422],[2574,2435],[2550,2382],[2555,2328],[2181,2332],[2168,2332],[2064,2402],[1907,2615],[1870,2727],[1852,2825],[1844,2967]]]}},{"type":"Feature","id":"MW.MC","properties":{"hc-group":"admin1","hc-middle-x":0.52,"hc-middle-y":0.35,"hc-key":"mw-mc","hc-a2":"MC","labelrank":"7","hasc":"MW.MC","alt-name":"Fort Manning","woe-id":"20070131","subregion":null,"fips":"MI13","postal-code":"MC","name":"Mchinji","country":"Malawi","type-en":"District","region":"Central","longitude":"33.0113","woe-name":"Mchinji","latitude":"-13.696","woe-label":"Mchinji, MW, Malawi","type":"District"},"geometry":{"type":"Polygon","coordinates":[[[-83,3919],[-153,3800],[-149,3771],[-174,3710],[-176,3674],[-192,3644],[-178,3595],[-130,3539],[-109,3487],[-82,3445],[-73,3414],[-81,3362],[-72,3319],[-86,3266],[-85,3230],[-65,3172],[-49,3103],[-52,3077],[-97,3111],[-143,3180],[-149,3205],[-142,3275],[-157,3315],[-187,3339],[-262,3380],[-286,3408],[-328,3488],[-361,3497],[-387,3449],[-434,3435],[-471,3404],[-514,3335],[-539,3329],[-578,3391],[-571,3477],[-590,3495],[-626,3503],[-643,3567],[-711,3650],[-731,3668],[-823,3693],[-862,3711],[-870,3749],[-805,3788],[-801,3820],[-853,3893],[-889,3909],[-940,3909],[-983,3919],[-999,3963],[-980,4003],[-918,3996],[-863,4039],[-812,4046],[-794,4059],[-786,4138],[-711,4178],[-686,4231],[-668,4306],[-348,4327],[-332,4313],[-331,4250],[-323,4215],[-286,4128],[-258,4085],[-176,4003],[-138,3981],[-83,3919]]]}},{"type":"Feature","id":"MW.NU","properties":{"hc-group":"admin1","hc-middle-x":0.60,"hc-middle-y":0.43,"hc-key":"mw-nu","hc-a2":"NU","labelrank":"7","hasc":"MW.NU","alt-name":"Ncheu","woe-id":"20070137","subregion":null,"fips":"MI16","postal-code":"NU","name":"Ntcheu","country":"Malawi","type-en":"District","region":"Central","longitude":"34.6861","woe-name":"Ntcheu","latitude":"-14.7843","woe-label":"Ntcheu, MW, Malawi","type":"District"},"geometry":{"type":"Polygon","coordinates":[[[1577,1715],[1563,1822],[1579,1861],[1564,1914],[1600,1972],[1613,2016],[1577,2081],[1566,2133],[1566,2236],[1559,2280],[1522,2366],[1509,2414],[1528,2497],[1527,2544],[1505,2589],[1435,2659],[1403,2698],[1359,2790],[1341,2816],[1373,2841],[1440,2834],[1516,2790],[1552,2793],[1630,2824],[1733,2900],[1844,2967],[1852,2825],[1870,2727],[1907,2615],[2064,2402],[2168,2332],[2161,2315],[2167,2239],[2137,2147],[2067,2052],[2066,2002],[1961,1553],[1931,1538],[1921,1621],[1899,1643],[1863,1656],[1769,1678],[1740,1675],[1660,1700],[1577,1715]]]}},{"type":"Feature","id":"MW.NI","properties":{"hc-group":"admin1","hc-middle-x":0.58,"hc-middle-y":0.59,"hc-key":"mw-ni","hc-a2":"NI","labelrank":"8","hasc":"MW.NI","alt-name":"Nchisi","woe-id":"20070130","subregion":null,"fips":"MI20","postal-code":"NI","name":"Ntchisi","country":"Malawi","type-en":"District","region":"Central","longitude":"33.8763","woe-name":"Ntchisi","latitude":"-13.2659","woe-label":"Ntchisi, MW, Malawi","type":"District"},"geometry":{"type":"Polygon","coordinates":[[[988,4088],[938,4066],[903,4067],[825,4096],[766,4093],[690,4115],[654,4113],[579,4087],[498,4090],[484,4106],[472,4212],[442,4289],[407,4346],[371,4382],[319,4419],[308,4469],[417,4504],[437,4531],[475,4555],[520,4618],[589,4666],[623,4714],[723,4763],[724,4694],[763,4621],[762,4584],[802,4554],[829,4572],[851,4628],[909,4645],[919,4637],[911,4589],[924,4568],[964,4564],[976,4539],[987,4465],[973,4402],[1000,4294],[1011,4109],[988,4088]]]}},{"type":"Feature","id":"MW.SA","properties":{"hc-group":"admin1","hc-middle-x":0.42,"hc-middle-y":0.54,"hc-key":"mw-sa","hc-a2":"SA","labelrank":"8","hasc":"MW.SA","alt-name":null,"woe-id":"20070133","subregion":null,"fips":"MI22","postal-code":"SA","name":"Salima","country":"Malawi","type-en":"District","region":"Central","longitude":"34.4903","woe-name":"Salima","latitude":"-13.7572","woe-label":"Salima, MW, Malawi","type":"District"},"geometry":{"type":"MultiPolygon","coordinates":[[[[1997,4009],[2001,4070],[2010,4066],[1997,4009]]],[[[1214,3603],[1161,3603],[1100,3574],[1081,3582],[1094,3620],[1166,3664],[1169,3702],[1240,3737],[1248,3759],[1220,3785],[1218,3834],[1204,3855],[1139,3827],[1103,3827],[1019,3904],[994,3922],[1009,3985],[988,4088],[1011,4109],[1053,4129],[1102,4137],[1159,4161],[1281,4228],[1348,4116],[1376,4052],[1427,3989],[1446,3983],[1514,4003],[1553,3989],[1581,3933],[1640,3876],[1658,3842],[1695,3807],[1673,3759],[1674,3694],[1644,3665],[1635,3641],[1646,3607],[1622,3542],[1555,3459],[1548,3423],[1574,3291],[1502,3233],[1464,3266],[1421,3331],[1376,3413],[1273,3518],[1214,3603]]]]}},{"type":"Feature","id":"MW.BA","properties":{"hc-group":"admin1","hc-middle-x":0.53,"hc-middle-y":0.50,"hc-key":"mw-ba","hc-a2":"BA","labelrank":"8","hasc":"MW.BA","alt-name":null,"woe-id":"1500503","subregion":null,"fips":"MI26","postal-code":"BA","name":"Balaka","country":"Malawi","type-en":"District","region":"Southern","longitude":"35.0792","woe-name":"Balaka","latitude":"-15.037","woe-label":null,"type":"District"},"geometry":{"type":"Polygon","coordinates":[[[2555,2328],[2591,2291],[2606,2230],[2608,2164],[2594,2052],[2585,2021],[2550,1995],[2508,1931],[2490,1866],[2465,1817],[2432,1699],[2410,1666],[2347,1609],[2303,1549],[2248,1536],[1961,1553],[2066,2002],[2067,2052],[2137,2147],[2167,2239],[2161,2315],[2168,2332],[2181,2332],[2555,2328]]]}},{"type":"Feature","id":"MW.CK","properties":{"hc-group":"admin1","hc-middle-x":0.51,"hc-middle-y":0.39,"hc-key":"mw-ck","hc-a2":"CK","labelrank":"8","hasc":"MW.CK","alt-name":null,"woe-id":"20070146","subregion":null,"fips":"MI02","postal-code":"CK","name":"Chikwawa","country":"Malawi","type-en":"District","region":"Southern","longitude":"34.6636","woe-name":"Chikwawa","latitude":"-16.1524","woe-label":"Chikwawa, MW, Malawi","type":"District"},"geometry":{"type":"Polygon","coordinates":[[[2003,-387],[1946,-355],[1913,-283],[1851,-230],[1796,-145],[1693,-88],[1661,-24],[1617,10],[1586,48],[1549,146],[1519,177],[1413,188],[1387,215],[1332,338],[1338,386],[1365,476],[1359,515],[1337,547],[1225,666],[1144,715],[1129,754],[1127,804],[1134,853],[1149,888],[1212,947],[1278,976],[1488,885],[1541,867],[1829,858],[1983,840],[2004,795],[1978,732],[1978,694],[1958,654],[1963,632],[2004,630],[1997,581],[2018,556],[2094,430],[2273,221],[2273,187],[2290,127],[2244,-78],[2126,-204],[2110,-243],[2106,-284],[2042,-328],[2003,-387]]]}},{"type":"Feature","id":"MW.TH","properties":{"hc-group":"admin1","hc-middle-x":0.56,"hc-middle-y":0.38,"hc-key":"mw-th","hc-a2":"TH","labelrank":"8","hasc":"MW.TH","alt-name":"Cholo","woe-id":"20070144","subregion":null,"fips":"MI05","postal-code":"TH","name":"Thyolo","country":"Malawi","type-en":"District","region":"Southern","longitude":"35.1071","woe-name":"Thyolo","latitude":"-16.1135","woe-label":"Thyolo, MW, Malawi","type":"District"},"geometry":{"type":"Polygon","coordinates":[[[2566,296],[2536,261],[2511,209],[2501,144],[2520,90],[2480,31],[2417,51],[2388,37],[2364,44],[2290,127],[2273,187],[2273,221],[2094,430],[2018,556],[2055,566],[2100,603],[2158,687],[2219,698],[2365,784],[2415,783],[2437,773],[2503,702],[2531,627],[2585,580],[2600,452],[2594,412],[2558,371],[2547,319],[2566,296]]]}},{"type":"Feature","id":"MW.CR","properties":{"hc-group":"admin1","hc-middle-x":0.51,"hc-middle-y":0.35,"hc-key":"mw-cr","hc-a2":"CR","labelrank":"9","hasc":"MW.CR","alt-name":null,"woe-id":"20070142","subregion":null,"fips":"MI03","postal-code":"CR","name":"Chiradzulu","country":"Malawi","type-en":"District","region":"Southern","longitude":"35.2224","woe-name":"Chiradzulu","latitude":"-15.7358","woe-label":"Chiradzulu, MW, Malawi","type":"District"},"geometry":{"type":"Polygon","coordinates":[[[2585,580],[2531,627],[2503,702],[2437,773],[2415,783],[2365,784],[2335,843],[2325,895],[2330,1031],[2313,1143],[2364,1237],[2392,1237],[2426,1256],[2444,1196],[2500,1155],[2520,1105],[2570,1052],[2631,1030],[2604,951],[2602,900],[2619,667],[2617,647],[2585,580]]]}},{"type":"Feature","id":"MW.NS","properties":{"hc-group":"admin1","hc-middle-x":0.44,"hc-middle-y":0.41,"hc-key":"mw-ns","hc-a2":"NS","labelrank":"7","hasc":"MW.NS","alt-name":"Port Herald","woe-id":"20070145","subregion":null,"fips":"MI19","postal-code":"NS","name":"Nsanje","country":"Malawi","type-en":"District","region":"Southern","longitude":"35.1003","woe-name":"Nsanje","latitude":"-17.0479","woe-label":"Nsanje, MW, Malawi","type":"District"},"geometry":{"type":"Polygon","coordinates":[[[2480,31],[2474,-44],[2448,-88],[2336,-162],[2357,-224],[2392,-285],[2448,-304],[2530,-392],[2538,-512],[2565,-567],[2571,-602],[2537,-630],[2536,-713],[2523,-748],[2574,-786],[2553,-830],[2562,-905],[2560,-957],[2542,-992],[2465,-999],[2329,-993],[2259,-981],[2238,-961],[2243,-925],[2200,-857],[2211,-814],[2240,-790],[2304,-752],[2321,-714],[2325,-619],[2313,-575],[2283,-552],[2198,-554],[2160,-547],[2121,-515],[2085,-469],[2037,-448],[2003,-387],[2042,-328],[2106,-284],[2110,-243],[2126,-204],[2244,-78],[2290,127],[2364,44],[2388,37],[2417,51],[2480,31]]]}},{"type":"Feature","id":"MW.ZO","properties":{"hc-group":"admin1","hc-middle-x":0.51,"hc-middle-y":0.47,"hc-key":"mw-zo","hc-a2":"ZO","labelrank":"8","hasc":"MW.ZO","alt-name":null,"woe-id":"20070140","subregion":null,"fips":"MI23","postal-code":"ZO","name":"Zomba","country":"Malawi","type-en":"District","region":"Southern","longitude":"35.4256","woe-name":"Zomba","latitude":"-15.4526","woe-label":"Zomba, MW, Malawi","type":"District"},"geometry":{"type":"Polygon","coordinates":[[[3246,1683],[3313,1394],[3308,1335],[3153,1331],[3068,1302],[3016,1251],[2902,1177],[2884,1134],[2841,1102],[2800,1056],[2698,1046],[2631,1030],[2570,1052],[2520,1105],[2500,1155],[2444,1196],[2426,1256],[2392,1237],[2364,1237],[2331,1242],[2323,1259],[2361,1323],[2317,1328],[2292,1353],[2247,1420],[2216,1447],[2189,1499],[2248,1536],[2303,1549],[2347,1609],[2410,1666],[2426,1634],[2449,1626],[2502,1659],[2576,1643],[2640,1689],[2683,1683],[2777,1646],[2810,1648],[2870,1673],[2896,1693],[3246,1683]]]}},{"type":"Feature","id":"MW.BL","properties":{"hc-group":"admin1","hc-middle-x":0.55,"hc-middle-y":0.48,"hc-key":"mw-bl","hc-a2":"BL","labelrank":"7","hasc":"MW.BL","alt-name":null,"woe-id":"20070143","subregion":null,"fips":"MI24","postal-code":"BL","name":"Blantyre","country":"Malawi","type-en":"District","region":"Southern","longitude":"34.9413","woe-name":"Blantyre","latitude":"-15.6875","woe-label":"Blantyre, MW, Malawi","type":"District"},"geometry":{"type":"Polygon","coordinates":[[[2364,1237],[2313,1143],[2330,1031],[2325,895],[2335,843],[2365,784],[2219,698],[2158,687],[2100,603],[2055,566],[2018,556],[1997,581],[2004,630],[1963,632],[1958,654],[1978,694],[1978,732],[2004,795],[1983,840],[1829,858],[1821,962],[1812,1011],[1852,1052],[1849,1139],[1868,1179],[1958,1229],[1979,1262],[2030,1406],[2053,1439],[2103,1477],[2160,1486],[2189,1499],[2216,1447],[2247,1420],[2292,1353],[2317,1328],[2361,1323],[2323,1259],[2331,1242],[2364,1237]]]}},{"type":"Feature","id":"MW.1649","properties":{"hc-group":"admin1","hc-middle-x":0.50,"hc-middle-y":0.52,"hc-key":"mw-1649","hc-a2":"MW","labelrank":"7","hasc":"MW.MW","alt-name":null,"woe-id":"20070139","subregion":null,"fips":"MI25","postal-code":null,"name":"Mwanza","country":"Malawi","type-en":"District","region":"Southern","longitude":"34.5126","woe-name":"Mwanza","latitude":"-15.6394","woe-label":null,"type":"District"},"geometry":{"type":"Polygon","coordinates":[[[1849,1139],[1852,1052],[1812,1011],[1821,962],[1829,858],[1541,867],[1488,885],[1278,976],[1362,1092],[1379,1136],[1384,1192],[1544,1174],[1849,1139]]]}},{"type":"Feature","id":"MW.MJ","properties":{"hc-group":"admin1","hc-middle-x":0.56,"hc-middle-y":0.71,"hc-key":"mw-mj","hc-a2":"MJ","labelrank":"7","hasc":"MW.MJ","alt-name":"Mlange|Mlanje","woe-id":"20070141","subregion":null,"fips":"MI29","postal-code":"MJ","name":"Mulanje","country":"Malawi","type-en":"District","region":"Southern","longitude":"35.5397","woe-name":"Mulanje","latitude":"-15.9868","woe-label":"Mulanje, MW, Malawi","type":"District"},"geometry":{"type":"Polygon","coordinates":[[[3244,673],[3234,637],[3241,573],[3226,521],[3206,498],[3107,431],[3080,423],[3040,427],[2911,390],[2878,387],[2858,345],[2812,366],[2780,404],[2726,414],[2669,389],[2566,296],[2547,319],[2558,371],[2594,412],[2600,452],[2585,580],[2617,647],[2619,667],[2602,900],[2604,951],[2631,1030],[2698,1046],[2800,1056],[2841,1102],[2884,1134],[2896,1117],[2846,1032],[2866,1006],[2873,877],[2890,822],[2934,791],[2979,673],[3033,720],[3067,731],[3155,662],[3169,659],[3221,681],[3244,673]]]}},{"type":"Feature","id":"MW.PH","properties":{"hc-group":"admin1","hc-middle-x":0.47,"hc-middle-y":0.48,"hc-key":"mw-ph","hc-a2":"PH","labelrank":"8","hasc":"MW.PH","alt-name":null,"woe-id":"1368989","subregion":null,"fips":"MI30","postal-code":"PH","name":"Phalombe","country":"Malawi","type-en":"District","region":"Southern","longitude":"35.667","woe-name":"Phalombe","latitude":"-15.6883","woe-label":null,"type":"District"},"geometry":{"type":"Polygon","coordinates":[[[2884,1134],[2902,1177],[3016,1251],[3068,1302],[3153,1331],[3308,1335],[3258,725],[3244,673],[3221,681],[3169,659],[3155,662],[3067,731],[3033,720],[2979,673],[2934,791],[2890,822],[2873,877],[2866,1006],[2846,1032],[2896,1117],[2884,1134]]]}},{"type":"Feature","id":"MW.MW","properties":{"hc-group":"admin1","hc-middle-x":0.38,"hc-middle-y":0.53,"hc-key":"mw-mw","hc-a2":"MW","labelrank":"7","hasc":"MW.MW","alt-name":null,"woe-id":"20070139","subregion":null,"fips":"MI31","postal-code":"MW","name":"Neno","country":"Malawi","type-en":"District","region":"Southern","longitude":"34.6946","woe-name":"Mwanza","latitude":"-15.4366","woe-label":null,"type":"District"},"geometry":{"type":"Polygon","coordinates":[[[1961,1553],[2248,1536],[2189,1499],[2160,1486],[2103,1477],[2053,1439],[2030,1406],[1979,1262],[1958,1229],[1868,1179],[1849,1139],[1544,1174],[1384,1192],[1372,1276],[1372,1324],[1414,1359],[1441,1402],[1468,1419],[1491,1489],[1506,1509],[1559,1543],[1584,1579],[1590,1616],[1577,1715],[1660,1700],[1740,1675],[1769,1678],[1863,1656],[1899,1643],[1921,1621],[1931,1538],[1961,1553]]]}},{"type":"Feature","id":"MW.1011","properties":{"hc-group":"admin1","hc-middle-x":0.57,"hc-middle-y":0.58,"hc-key":"mw-1011","hc-a2":"CH","labelrank":"8","hasc":"MW.CT","alt-name":null,"woe-id":"20070125","subregion":null,"fips":"MI08","postal-code":null,"name":"Chitipa","country":"Malawi","type-en":"District","region":null,"longitude":"33.8876","woe-name":"Chitipa","latitude":"-10.0267","woe-label":"Karonga, MW, Malawi","type":"District"},"geometry":{"type":"Polygon","coordinates":[[[362,9531],[398,9535],[435,9556],[480,9568],[518,9544],[553,9508],[660,9448],[725,9380],[708,9324],[718,9227],[751,9151],[781,9140],[784,9079],[799,8983],[839,8890],[953,8725],[1029,8647],[1095,8595],[1111,8554],[1175,8476],[1219,8369],[1180,8350],[1149,8318],[1161,8240],[1108,8202],[1100,8168],[1037,8181],[997,8171],[968,8190],[773,8355],[458,8847],[422,8896],[341,8891],[310,8906],[252,8953],[213,8959],[170,9002],[134,9026],[134,9074],[169,9085],[236,9127],[256,9150],[285,9157],[322,9199],[335,9227],[389,9276],[423,9283],[430,9307],[416,9371],[395,9423],[401,9463],[362,9531]]]}},{"type":"Feature","id":"MW.CT","properties":{"hc-group":"admin1","hc-middle-x":0.75,"hc-middle-y":0.80,"hc-key":"mw-ct","hc-a2":"CT","labelrank":"8","hasc":"MW.CT","alt-name":null,"woe-id":"20070124","subregion":null,"fips":"MI04","postal-code":"CT","name":"Chitipa","country":"Malawi","type-en":"District","region":null,"longitude":"33.4345","woe-name":"Chitipa","latitude":"-9.885719999999999","woe-label":"Chitipa, MW, Malawi","type":"District"},"geometry":{"type":"Polygon","coordinates":[[[393,8186],[381,8267],[343,8272],[322,8297],[295,8360],[234,8422],[198,8509],[193,8542],[202,8620],[199,8664],[152,8706],[126,8740],[90,8753],[14,8823],[-99,8873],[-118,8899],[-110,8970],[-84,9036],[-42,9099],[-32,9129],[-41,9168],[-72,9234],[-123,9253],[-157,9276],[-189,9331],[-239,9369],[-255,9409],[-240,9449],[-248,9489],[-268,9524],[-296,9543],[-370,9547],[-403,9563],[-415,9485],[-427,9460],[-458,9471],[-474,9516],[-489,9523],[-539,9501],[-557,9507],[-574,9545],[-549,9646],[-550,9684],[-592,9714],[-626,9703],[-646,9733],[-649,9815],[-601,9851],[-550,9838],[-480,9769],[-395,9703],[-299,9671],[-258,9695],[-182,9689],[-147,9706],[-122,9697],[-45,9642],[-19,9617],[22,9539],[70,9516],[127,9512],[170,9522],[237,9555],[284,9550],[362,9531],[401,9463],[395,9423],[416,9371],[430,9307],[423,9283],[389,9276],[335,9227],[322,9199],[285,9157],[256,9150],[236,9127],[169,9085],[134,9074],[134,9026],[170,9002],[213,8959],[252,8953],[310,8906],[341,8891],[422,8896],[458,8847],[773,8355],[432,8202],[393,8186]]]}},{"type":"Feature","id":"MW.KS","properties":{"hc-group":"admin1","hc-middle-x":0.43,"hc-middle-y":0.54,"hc-key":"mw-ks","hc-a2":"KS","labelrank":"8","hasc":"MW.KS","alt-name":null,"woe-id":"20070128","subregion":null,"fips":"MI09","postal-code":"KS","name":"Kasungu","country":"Malawi","type-en":"District","region":"Central","longitude":"33.4535","woe-name":"Kasungu","latitude":"-12.9319","woe-label":"Kasungu, MW, Malawi","type":"District"},"geometry":{"type":"Polygon","coordinates":[[[723,4763],[623,4714],[589,4666],[520,4618],[475,4555],[437,4531],[417,4504],[308,4469],[287,4447],[264,4400],[226,4375],[211,4347],[173,4315],[99,4344],[89,4326],[107,4289],[96,4241],[39,4125],[-2,4098],[-16,4058],[-7,4035],[-19,3980],[-83,3919],[-138,3981],[-176,4003],[-258,4085],[-286,4128],[-323,4215],[-331,4250],[-332,4313],[-348,4327],[-668,4306],[-649,4385],[-624,4439],[-590,4483],[-549,4495],[-546,4530],[-578,4586],[-586,4634],[-564,4788],[-527,4874],[-520,4913],[-532,4946],[-611,5016],[-620,5118],[-596,5181],[-547,5254],[-505,5338],[-471,5374],[-450,5377],[-427,5349],[-392,5372],[-360,5378],[-337,5365],[-315,5327],[-227,5385],[-189,5451],[-124,5460],[-88,5443],[-27,5469],[39,5544],[81,5561],[94,5612],[121,5626],[131,5649],[167,5670],[249,5653],[262,5619],[227,5554],[233,5454],[264,5393],[242,5349],[241,5309],[252,5287],[286,5287],[309,5270],[354,5211],[420,5195],[478,5220],[508,5225],[574,5183],[607,5201],[588,5091],[586,5047],[603,5010],[624,5006],[702,5015],[755,4998],[826,4906],[832,4876],[764,4826],[723,4763]]]}},{"type":"Feature","id":"MW.MZ","properties":{"hc-group":"admin1","hc-middle-x":0.37,"hc-middle-y":0.45,"hc-key":"mw-mz","hc-a2":"MZ","labelrank":"7","hasc":"MW.MZ","alt-name":null,"woe-id":"20070127","subregion":null,"fips":"MI15","postal-code":"MZ","name":"Mzimba","country":"Malawi","type-en":"District","region":"Northern","longitude":"33.6587","woe-name":"Mzimba","latitude":"-11.8792","woe-label":"Mzimba, MW, Malawi","type":"District"},"geometry":{"type":"Polygon","coordinates":[[[607,5201],[574,5183],[508,5225],[478,5220],[420,5195],[354,5211],[309,5270],[286,5287],[252,5287],[241,5309],[242,5349],[264,5393],[233,5454],[227,5554],[262,5619],[249,5653],[167,5670],[185,5696],[183,5725],[91,5749],[-11,5719],[-59,5736],[-85,5777],[-109,5874],[-127,5920],[-181,5976],[-191,5999],[-188,6092],[-134,6220],[-109,6335],[-130,6386],[-111,6461],[-107,6512],[-122,6739],[-149,6783],[-218,6784],[-246,6803],[-215,6890],[-221,7009],[-208,7029],[-173,7000],[-162,7019],[-162,7074],[-125,7106],[-128,7131],[-31,7280],[0,7360],[-44,7438],[-74,7469],[-120,7542],[-137,7626],[-47,7589],[50,7579],[69,7565],[78,7516],[65,7456],[93,7442],[145,7483],[209,7561],[241,7561],[302,7516],[386,7520],[407,7512],[425,7479],[473,7475],[496,7510],[493,7552],[586,7570],[716,7552],[747,7562],[757,7623],[775,7636],[863,7565],[919,7481],[904,7381],[871,7269],[872,7228],[909,7199],[940,7072],[965,7042],[981,6990],[974,6955],[912,6931],[855,6942],[828,6916],[790,6843],[744,6833],[690,6848],[650,6840],[575,6783],[538,6729],[523,6652],[522,6578],[590,6485],[596,6449],[564,6351],[576,6250],[591,6203],[557,6152],[533,6134],[489,6125],[449,6077],[447,6052],[497,6026],[537,5991],[620,5992],[531,5918],[507,5880],[517,5812],[544,5794],[588,5790],[625,5760],[646,5718],[685,5668],[692,5616],[708,5579],[744,5544],[797,5542],[847,5516],[898,5504],[946,5514],[978,5496],[941,5456],[912,5403],[857,5393],[797,5355],[711,5333],[675,5305],[607,5201]]]}},{"type":"Feature","id":"MW.NA","properties":{"hc-group":"admin1","hc-middle-x":0.50,"hc-middle-y":0.60,"hc-key":"mw-na","hc-a2":"NA","labelrank":"7","hasc":"MW.NA","alt-name":"Chinteche","woe-id":"20070147","subregion":null,"fips":"MI17","postal-code":"NA","name":"Nkhata Bay","country":"Malawi","type-en":"District","region":"Northern","longitude":"34.1604","woe-name":"Nkhata Bay","latitude":"-11.6281","woe-label":"Nkhata Bay, MW, Malawi","type":"District"},"geometry":{"type":"Polygon","coordinates":[[[620,5992],[537,5991],[497,6026],[447,6052],[449,6077],[489,6125],[533,6134],[557,6152],[591,6203],[576,6250],[564,6351],[596,6449],[590,6485],[522,6578],[523,6652],[538,6729],[575,6783],[650,6840],[690,6848],[744,6833],[790,6843],[828,6916],[855,6942],[912,6931],[974,6955],[981,6990],[965,7042],[940,7072],[909,7199],[872,7228],[871,7269],[904,7381],[919,7481],[1110,7592],[1162,7632],[1157,7503],[1166,7457],[1185,7431],[1147,7363],[1137,7328],[1160,7279],[1161,7207],[1195,7173],[1222,7093],[1231,6918],[1257,6819],[1256,6778],[1272,6750],[1286,6693],[1285,6648],[1273,6620],[1187,6541],[1177,6516],[1116,6473],[1089,6400],[1089,6359],[1106,6330],[949,6211],[922,6164],[877,5905],[774,5930],[718,5954],[671,5993],[620,5992]]]}},{"type":"Feature","id":"MW.NK","properties":{"hc-group":"admin1","hc-middle-x":0.63,"hc-middle-y":0.63,"hc-key":"mw-nk","hc-a2":"NK","labelrank":"7","hasc":"MW.NK","alt-name":"Kota Kota","woe-id":"20070129","subregion":null,"fips":"MI18","postal-code":"NK","name":"Nkhotakota","country":"Malawi","type-en":"District","region":"Central","longitude":"34.1715","woe-name":"Nkhotakota","latitude":"-12.8398","woe-label":"Nkhotakota, MW, Malawi","type":"District"},"geometry":{"type":"Polygon","coordinates":[[[877,5905],[889,5813],[914,5746],[921,5704],[946,5694],[952,5660],[983,5652],[1038,5656],[1070,5636],[1111,5511],[1115,5467],[1087,5426],[1083,5357],[1110,5258],[1160,5181],[1211,5158],[1213,5128],[1194,5061],[1202,5031],[1243,4994],[1259,4969],[1251,4919],[1264,4892],[1286,4931],[1290,4911],[1277,4845],[1293,4775],[1294,4548],[1306,4451],[1299,4412],[1252,4331],[1257,4285],[1281,4228],[1159,4161],[1102,4137],[1053,4129],[1011,4109],[1000,4294],[973,4402],[987,4465],[976,4539],[964,4564],[924,4568],[911,4589],[919,4637],[909,4645],[851,4628],[829,4572],[802,4554],[762,4584],[763,4621],[724,4694],[723,4763],[764,4826],[832,4876],[826,4906],[755,4998],[702,5015],[624,5006],[603,5010],[586,5047],[588,5091],[607,5201],[675,5305],[711,5333],[797,5355],[857,5393],[912,5403],[941,5456],[978,5496],[946,5514],[898,5504],[847,5516],[797,5542],[744,5544],[708,5579],[692,5616],[685,5668],[646,5718],[625,5760],[588,5790],[544,5794],[517,5812],[507,5880],[531,5918],[620,5992],[671,5993],[718,5954],[774,5930],[877,5905]]]}},{"type":"Feature","id":"MW.RU","properties":{"hc-group":"admin1","hc-middle-x":0.64,"hc-middle-y":0.47,"hc-key":"mw-ru","hc-a2":"RU","labelrank":"8","hasc":"MW.RU","alt-name":"Rumpi","woe-id":"20070126","subregion":null,"fips":"MI21","postal-code":"RU","name":"Rumphi","country":"Malawi","type-en":"District","region":"Northern","longitude":"33.953","woe-name":"Rumphi","latitude":"-10.7114","woe-label":"Rumphi, MW, Malawi","type":"District"},"geometry":{"type":"Polygon","coordinates":[[[1100,8168],[1132,8111],[1122,8024],[1141,7948],[1163,7679],[1162,7632],[1110,7592],[919,7481],[863,7565],[775,7636],[757,7623],[747,7562],[716,7552],[586,7570],[493,7552],[496,7510],[473,7475],[425,7479],[407,7512],[386,7520],[302,7516],[241,7561],[209,7561],[145,7483],[93,7442],[65,7456],[78,7516],[69,7565],[50,7579],[-47,7589],[-137,7626],[-152,7712],[-172,7729],[-219,7734],[-206,7778],[-161,7779],[-141,7791],[-98,7845],[-6,7869],[61,7859],[104,7892],[153,7913],[191,7993],[258,8068],[295,8088],[370,8147],[393,8186],[432,8202],[773,8355],[968,8190],[997,8171],[1037,8181],[1100,8168]]]}}]}