{"title":"Nauru","version":"1.1.2","type":"FeatureCollection","copyright":"Copyright (c) 2015 Highsoft AS, Based on data from Natural Earth","copyrightShort":"Natural Earth","copyrightUrl":"http://www.naturalearthdata.com","crs":{"type":"name","properties":{"name":"urn:ogc:def:crs:EPSG:32758"}},"hc-transform":{"default":{"crs":"+proj=utm +zone=58 +south +datum=WGS84 +units=m +no_defs","scale":0.103015186033,"jsonres":15.5,"jsonmarginX":-999,"jsonmarginY":9851.0,"xoffset":712231.181834,"yoffset":9945763.57231}},
"features":[{"type":"Feature","id":"NR.6494","properties":{"hc-group":"admin1","hc-middle-x":0.58,"hc-middle-y":0.36,"hc-key":"nr-6494","hc-a2":"AN","labelrank":"20","hasc":"NR.AT","alt-name":null,"woe-id":"20070311","subregion":null,"fips":"NR03","postal-code":null,"name":"Anetan","country":"Nauru","type-en":null,"region":null,"longitude":"166.936","woe-name":"Anetan","latitude":"-0.494702","woe-label":null,"type":null},"geometry":{"type":"Polygon","coordinates":[[[3305,9334],[4659,9851],[4690,7419],[3305,9334]]]}},{"type":"Feature","id":"NR.6495","properties":{"hc-group":"admin1","hc-middle-x":0.27,"hc-middle-y":0.51,"hc-key":"nr-6495","hc-a2":"AN","labelrank":"20","hasc":"NR.AB","alt-name":null,"woe-id":"20070308","subregion":null,"fips":"NR02","postal-code":null,"name":"Anabar","country":"Nauru","type-en":null,"region":null,"longitude":"166.944","woe-name":"Anabar","latitude":"-0.497511","woe-label":null,"type":null},"geometry":{"type":"Polygon","coordinates":[[[4690,7419],[4659,9851],[7639,8514],[4690,7419]]]}},{"type":"Feature","id":"NR.6496","properties":{"hc-group":"admin1","hc-middle-x":0.67,"hc-middle-y":0.51,"hc-key":"nr-6496","hc-a2":"IJ","labelrank":"20","hasc":"NR.IJ","alt-name":null,"woe-id":"20070305","subregion":null,"fips":"NR10","postal-code":null,"name":"Ijuw","country":"Nauru","type-en":null,"region":null,"longitude":"166.951","woe-name":"Ijuw","latitude":"-0.504534","woe-label":null,"type":null},"geometry":{"type":"Polygon","coordinates":[[[4690,7419],[7639,8514],[7962,6156],[6063,6613],[4690,7419]]]}},{"type":"Feature","id":"NR.6497","properties":{"hc-group":"admin1","hc-middle-x":0.49,"hc-middle-y":0.56,"hc-key":"nr-6497","hc-a2":"AN","labelrank":"20","hasc":"NR.AR","alt-name":null,"woe-id":"20070304","subregion":null,"fips":"NR04","postal-code":null,"name":"Anibare","country":"Nauru","type-en":null,"region":null,"longitude":"166.947","woe-name":"Anibare","latitude":"-0.519984","woe-label":null,"type":null},"geometry":{"type":"Polygon","coordinates":[[[7962,6156],[8116,5036],[7216,2262],[5812,2458],[4064,2893],[4182,3709],[4252,4195],[4300,4591],[4378,5241],[4439,5745],[4522,6300],[4690,7419],[6063,6613],[7962,6156]]]}},{"type":"Feature","id":"NR.6498","properties":{"hc-group":"admin1","hc-middle-x":0.49,"hc-middle-y":0.46,"hc-key":"nr-6498","hc-a2":"ME","labelrank":"20","hasc":"NR.ME","alt-name":null,"woe-id":"20070301","subregion":null,"fips":"NR11","postal-code":null,"name":"Meneng","country":"Nauru","type-en":null,"region":null,"longitude":"166.939","woe-name":"Meneng","latitude":"-0.539648","woe-label":null,"type":null},"geometry":{"type":"Polygon","coordinates":[[[7216,2262],[6885,1242],[4656,-999],[3559,-789],[2254,2087],[4064,2893],[5812,2458],[7216,2262]]]}},{"type":"Feature","id":"NR.6499","properties":{"hc-group":"admin1","hc-middle-x":0.45,"hc-middle-y":0.58,"hc-key":"nr-6499","hc-a2":"YA","labelrank":"20","hasc":"NR.YA","alt-name":null,"woe-id":"20070300","subregion":null,"fips":"NR14","postal-code":null,"name":"Yaren","country":"Nauru","type-en":null,"region":null,"longitude":"166.925","woe-name":"Yaren","latitude":"-0.543159","woe-label":null,"type":null},"geometry":{"type":"Polygon","coordinates":[[[3559,-789],[663,-236],[1005,1033],[1329,1307],[2254,2087],[3559,-789]]]}},{"type":"Feature","id":"NR.6487","properties":{"hc-group":"admin1","hc-middle-x":0.54,"hc-middle-y":0.30,"hc-key":"nr-6487","hc-a2":"BO","labelrank":"20","hasc":"NR.BO","alt-name":null,"woe-id":"20070299","subregion":null,"fips":"NR06","postal-code":null,"name":"Boe","country":"Nauru","type-en":null,"region":null,"longitude":"166.916","woe-name":"Boe","latitude":"-0.538594","woe-label":null,"type":null},"geometry":{"type":"Polygon","coordinates":[[[663,-236],[-111,1632],[943,1964],[1329,1307],[1005,1033],[663,-236]]]}},{"type":"Feature","id":"NR.3591","properties":{"hc-group":"admin1","hc-middle-x":0.37,"hc-middle-y":0.43,"hc-key":"nr-3591","hc-a2":"BU","labelrank":"20","hasc":"NR.BU","alt-name":null,"woe-id":"20070303","subregion":null,"fips":"NR07","postal-code":null,"name":"Buada","country":"Nauru","type-en":null,"region":null,"longitude":"166.925","woe-name":"Buada","latitude":"-0.527877","woe-label":null,"type":null},"geometry":{"type":"Polygon","coordinates":[[[1329,1307],[943,1964],[631,3018],[756,3886],[1380,4506],[2816,4133],[4182,3709],[4064,2893],[2254,2087],[1329,1307]]]}},{"type":"Feature","id":"NR.6488","properties":{"hc-group":"admin1","hc-middle-x":0.54,"hc-middle-y":0.46,"hc-key":"nr-6488","hc-a2":"AI","labelrank":"20","hasc":"NR.AI","alt-name":null,"woe-id":"20070298","subregion":null,"fips":"NR01","postal-code":null,"name":"Aiwo","country":"Nauru","type-en":null,"region":null,"longitude":"166.913","woe-name":"Aiwo","latitude":"-0.529816","woe-label":null,"type":null},"geometry":{"type":"Polygon","coordinates":[[[943,1964],[-111,1632],[-999,3774],[756,3886],[631,3018],[943,1964]]]}},{"type":"Feature","id":"NR.6489","properties":{"hc-group":"admin1","hc-middle-x":0.48,"hc-middle-y":0.58,"hc-key":"nr-6489","hc-a2":"DE","labelrank":"20","hasc":"NR.DE","alt-name":null,"woe-id":"20070302","subregion":null,"fips":"NR08","postal-code":null,"name":"Denigomodu","country":"Nauru","type-en":null,"region":null,"longitude":"166.914","woe-name":"Denigomodu","latitude":"-0.520335","woe-label":null,"type":null},"geometry":{"type":"Polygon","coordinates":[[[1380,4506],[756,3886],[-999,3774],[-408,6021],[1380,4506]]]}},{"type":"Feature","id":"NR.6490","properties":{"hc-group":"admin1","hc-middle-x":0.42,"hc-middle-y":0.56,"hc-key":"nr-6490","hc-a2":"NI","labelrank":"20","hasc":"NR.NI","alt-name":null,"woe-id":"20070306","subregion":null,"fips":"NR12","postal-code":null,"name":"Nibok","country":"Nauru","type-en":null,"region":null,"longitude":"166.921","woe-name":"Nibok","latitude":"-0.512961","woe-label":null,"type":null},"geometry":{"type":"Polygon","coordinates":[[[4182,3709],[2816,4133],[1380,4506],[-408,6021],[145,8128],[4300,4591],[4252,4195],[4182,3709]]]}},{"type":"Feature","id":"NR.6491","properties":{"hc-group":"admin1","hc-middle-x":0.55,"hc-middle-y":0.47,"hc-key":"nr-6491","hc-a2":"UA","labelrank":"20","hasc":"NR.UA","alt-name":null,"woe-id":"20070307","subregion":null,"fips":"NR13","postal-code":null,"name":"Uaboe","country":"Nauru","type-en":null,"region":null,"longitude":"166.924","woe-name":"Uaboe","latitude":"-0.506992","woe-label":null,"type":null},"geometry":{"type":"Polygon","coordinates":[[[4300,4591],[145,8128],[971,8443],[4378,5241],[4300,4591]]]}},{"type":"Feature","id":"NR.6492","properties":{"hc-group":"admin1","hc-middle-x":0.57,"hc-middle-y":0.47,"hc-key":"nr-6492","hc-a2":"BA","labelrank":"20","hasc":"NR.BA","alt-name":null,"woe-id":"20070309","subregion":null,"fips":"NR05","postal-code":null,"name":"Baiti","country":"Nauru","type-en":null,"region":null,"longitude":"166.925","woe-name":"Baiti","latitude":"-0.500672","woe-label":null,"type":null},"geometry":{"type":"Polygon","coordinates":[[[4378,5241],[971,8443],[2226,8922],[4522,6300],[4439,5745],[4378,5241]]]}},{"type":"Feature","id":"NR.6493","properties":{"hc-group":"admin1","hc-middle-x":0.58,"hc-middle-y":0.40,"hc-key":"nr-6493","hc-a2":"EW","labelrank":"20","hasc":"NR.EW","alt-name":null,"woe-id":"20070310","subregion":null,"fips":"NR09","postal-code":null,"name":"Ewa","country":"Nauru","type-en":null,"region":null,"longitude":"166.934","woe-name":"Ewa","latitude":"-0.502076","woe-label":null,"type":null},"geometry":{"type":"Polygon","coordinates":[[[4522,6300],[2226,8922],[3305,9334],[4690,7419],[4522,6300]]]}}]}