{"title":"Sudan","version":"1.1.2","type":"FeatureCollection","copyright":"Copyright (c) 2015 Highsoft AS, Based on data from Natural Earth","copyrightShort":"Natural Earth","copyrightUrl":"http://www.naturalearthdata.com","crs":{"type":"name","properties":{"name":"urn:ogc:def:crs:EPSG:32635"}},"hc-transform":{"default":{"crs":"+proj=utm +zone=35 +datum=WGS84 +units=m +no_defs","scale":0.000389093856435,"jsonres":15.5,"jsonmarginX":-999,"jsonmarginY":9851.0,"xoffset":-64032.6774129,"yoffset":2465656.88431}},
"features":[{"type":"Feature","id":"SD.RS","properties":{"hc-group":"admin1","hc-middle-x":0.44,"hc-middle-y":0.48,"hc-key":"sd-rs","hc-a2":"RS","labelrank":"3","hasc":"SD.RS","alt-name":"Ba?r al A?mar|Mar Rojo|Mar Rosso|Mar Vermelho|Mer Rouge|Röda havet|Rødehavet|Rotes Meer","woe-id":"20069904","subregion":"Ash Sharq?| Ash Sharq?yah| Eastern","fips":"EG02","postal-code":"RS","name":"Red Sea","country":"Sudan","type-en":"State","region":"Kassala","longitude":"35.8873","woe-name":"Red Sea","latitude":"19.5289","woe-label":"Al Bahr al Ahmar, SD, Sudan","type":"Wilayat"},"geometry":{"type":"Polygon","coordinates":[[[6243,9727],[8578,9851],[8596,9618],[8664,9497],[8754,9376],[8885,9246],[8859,9228],[8827,9288],[8762,9340],[8747,9226],[8790,9150],[8813,9019],[8858,8899],[8833,8751],[8875,8598],[8862,8502],[8909,8397],[8903,8285],[8940,8165],[8984,7954],[9003,7933],[9061,7756],[9142,7658],[9220,7684],[9315,7604],[9389,7588],[9467,7509],[9523,7479],[9496,7433],[9549,7370],[9610,7370],[9808,7297],[9851,7222],[9763,7139],[9698,6975],[9617,6879],[9583,6901],[9532,6845],[9489,6884],[9400,6809],[9351,6833],[9304,6767],[9167,6715],[9168,6631],[9111,6516],[9049,6530],[8936,6498],[8830,6523],[8239,6445],[7972,6560],[7644,6760],[7540,6891],[7449,7051],[7332,7163],[7180,7245],[6947,7329],[6617,8044],[6644,8158],[6628,8298],[6594,8399],[6587,8488],[6617,8620],[6596,8757],[6521,8892],[6441,8929],[6342,9026],[6347,9179],[6377,9236],[6365,9356],[6327,9396],[6498,9547],[6243,9727]]]}},{"type":"Feature","id":"SD.711","properties":{"hc-group":"admin1","hc-middle-x":0.50,"hc-middle-y":0.53,"hc-key":"sd-711","hc-a2":"SD","labelrank":"3","hasc":"SD.SD","alt-name":"D?rf?r al Jan?b?yah| Jan?b D?rf?r| Darfur méridional| Southern Darfur","woe-id":"20069893","subregion":null,"fips":"SU49","postal-code":null,"name":"Southern Darfur","country":"Sudan","type-en":"State","region":"Darfur","longitude":"24.5964","woe-name":"South Darfur","latitude":"11.3694","woe-label":"Janub Darfur, SD, Sudan","type":"Wilayat"},"geometry":{"type":"Polygon","coordinates":[[[1636,1929],[1399,1879],[1137,1847],[1092,1763],[1100,1721],[1065,1630],[942,1518],[936,1317],[866,1235],[853,1107],[788,996],[783,910],[665,883],[487,776],[360,798],[226,791],[155,812],[83,798],[68,847],[116,913],[121,989],[85,966],[39,1005],[65,1106],[115,1115],[171,1176],[181,1270],[155,1350],[201,1452],[169,1597],[-47,1955],[-166,2073],[-234,2122],[-38,2401],[274,2600],[412,3041],[443,3287],[496,3383],[844,3722],[1043,3691],[1255,3695],[1290,3438],[1277,3254],[1210,3163],[1213,2709],[1375,2530],[1484,2437],[1580,2186],[1640,2001],[1636,1929]]]}},{"type":"Feature","id":"SD.7281","properties":{"hc-group":"admin1","hc-middle-x":0.36,"hc-middle-y":0.47,"hc-key":"sd-7281","hc-a2":"CD","labelrank":"3","hasc":"SD.WD","alt-name":"D?rf?r al Gharb?yah|Gharb D?rf?r","woe-id":"20069894","subregion":null,"fips":"SU47","postal-code":null,"name":"Central Darfur","country":"Sudan","type-en":"State","region":"Darfur","longitude":"23.3467","woe-name":"West Darfur","latitude":"12.1983","woe-label":"Gharb Darfur, SD, Sudan","type":"Wilayat"},"geometry":{"type":"Polygon","coordinates":[[[844,3722],[496,3383],[443,3287],[412,3041],[274,2600],[-38,2401],[-234,2122],[-326,2261],[-262,2472],[-287,2597],[-375,2600],[-400,2646],[-475,2676],[-534,2791],[-480,3053],[-432,3187],[-464,3428],[-280,3628],[-71,3925],[56,3954],[133,4036],[206,4029],[301,3966],[419,3920],[496,3929],[600,3987],[707,4027],[817,4018],[830,3975],[788,3912],[697,3826],[674,3766],[724,3731],[844,3722]]]}},{"type":"Feature","id":"SD.WD","properties":{"hc-group":"admin1","hc-middle-x":0.58,"hc-middle-y":0.34,"hc-key":"sd-wd","hc-a2":"WD","labelrank":"3","hasc":"SD.WD","alt-name":"D?rf?r al Gharb?yah|Gharb D?rf?r","woe-id":"20069894","subregion":null,"fips":"SU47","postal-code":"WD","name":"Western Darfur","country":"Sudan","type-en":"State","region":"Darfur","longitude":"23.0863","woe-name":"West Darfur","latitude":"14.2109","woe-label":"Gharb Darfur, SD, Sudan","type":"Wilayat"},"geometry":{"type":"Polygon","coordinates":[[[133,4036],[56,3954],[-71,3925],[-280,3628],[-464,3428],[-432,3187],[-480,3053],[-582,3026],[-565,3124],[-633,3316],[-583,3415],[-740,3506],[-837,3436],[-918,3440],[-999,3545],[-913,3721],[-859,3774],[-777,3808],[-691,3901],[-735,4066],[-776,4106],[-812,4195],[-699,4330],[-509,4425],[-507,4490],[-566,4511],[-574,4659],[-613,4708],[-545,4764],[-414,4797],[-422,4887],[-363,4995],[-253,5082],[-212,5156],[-209,5277],[-247,5328],[-234,5383],[-123,5475],[23,5457],[200,5499],[353,5485],[428,5458],[453,5478],[463,5462],[419,5240],[432,5030],[503,4941],[539,4861],[551,4746],[535,4698],[395,4469],[182,4243],[135,4160],[111,4062],[133,4036]]]}},{"type":"Feature","id":"SD.KH","properties":{"hc-group":"admin1","hc-middle-x":0.40,"hc-middle-y":0.61,"hc-key":"sd-kh","hc-a2":"KH","labelrank":"7","hasc":"SD.KH","alt-name":"Al Khar??m|Al Khur??m|Cartum|Jartum|Khartum","woe-id":"20069819","subregion":null,"fips":"SU29","postal-code":"KH","name":"Khartoum","country":"Sudan","type-en":"Region","region":"Khartum","longitude":"32.9823","woe-name":"Khartoum","latitude":"15.7338","woe-label":"Al Khartum, SD, Sudan","type":"Region"},"geometry":{"type":"Polygon","coordinates":[[[6645,5335],[6436,5304],[6364,5251],[6205,5236],[6066,5192],[6045,5158],[5904,5144],[5845,5164],[5785,5318],[5639,5554],[5536,5683],[5367,6042],[5501,6129],[5526,6135],[5549,6087],[5637,5996],[5700,5959],[6041,5913],[6280,5796],[6604,5720],[6741,5664],[6854,5675],[6961,5724],[7056,5742],[7079,5644],[7174,5450],[6950,5478],[6803,5524],[6729,5481],[6645,5335]]]}},{"type":"Feature","id":"SD.GZ","properties":{"hc-group":"admin1","hc-middle-x":0.49,"hc-middle-y":0.41,"hc-key":"sd-gz","hc-a2":"GZ","labelrank":"3","hasc":"SD.GZ","alt-name":"Al Jazirah","woe-id":"20069916","subregion":null,"fips":"SU38","postal-code":"GZ","name":"Gezira","country":"Sudan","type-en":"State","region":"Blue Nile","longitude":"33.3362","woe-name":"Gezira","latitude":"14.6771","woe-label":"Al Jazirah, SD, Sudan","type":"Wilayat"},"geometry":{"type":"Polygon","coordinates":[[[6045,5158],[6066,5192],[6205,5236],[6364,5251],[6436,5304],[6645,5335],[6726,5260],[6853,5222],[6962,5169],[7015,5070],[7113,4939],[7120,4899],[6908,4490],[6959,4399],[6813,4412],[6760,4441],[6693,4419],[6565,4315],[6492,4389],[6412,4398],[6369,4363],[6311,4213],[6277,4195],[6215,4221],[6194,4121],[6135,4054],[6088,4073],[6078,4237],[5957,4448],[5934,4533],[6010,4709],[6081,4793],[6091,4838],[6076,4980],[6018,5006],[6003,5052],[6063,5066],[6045,5158]]]}},{"type":"Feature","id":"SD.GD","properties":{"hc-group":"admin1","hc-middle-x":0.52,"hc-middle-y":0.54,"hc-key":"sd-gd","hc-a2":"GD","labelrank":"3","hasc":"SD.GD","alt-name":"Al Qadarif|Gadarif| Gedaref| Gederaf","woe-id":"20069906","subregion":null,"fips":"SU39","postal-code":"GD","name":"Gedarif","country":"Sudan","type-en":"State","region":"Kassala","longitude":"35.0351","woe-name":"Gedarif","latitude":"14.0283","woe-label":"Al Qadarif, SD, Sudan","type":"Wilayat"},"geometry":{"type":"Polygon","coordinates":[[[8568,4975],[8625,4619],[8574,4433],[8593,4318],[8549,4148],[8456,4003],[8388,3711],[8410,3643],[8384,3550],[8337,3563],[8121,3521],[7898,3563],[7808,3602],[7759,3646],[7616,3723],[7489,3844],[7392,3884],[7263,3962],[7152,4125],[7176,4208],[7068,4225],[6959,4399],[6908,4490],[7120,4899],[7113,4939],[7015,5070],[6962,5169],[6853,5222],[6726,5260],[6645,5335],[6729,5481],[6803,5524],[6950,5478],[7174,5450],[7347,5406],[7490,5332],[7596,5219],[7693,5004],[7848,4844],[7948,4828],[8250,4951],[8302,4964],[8568,4975]]]}},{"type":"Feature","id":"SD.RN","properties":{"hc-group":"admin1","hc-middle-x":0.51,"hc-middle-y":0.75,"hc-key":"sd-rn","hc-a2":"RN","labelrank":"3","hasc":"SD.RN","alt-name":"an N?l, Nahr an N?l| Nil| Nile| Nile River|Nilen|Nilo","woe-id":"20069903","subregion":null,"fips":"SU53","postal-code":"RN","name":"River Nile","country":"Sudan","type-en":"State","region":"Northern","longitude":"33.7623","woe-name":"River Nile","latitude":"17.558","woe-label":"Nahr an Nil, SD, Sudan","type":"Wilayat"},"geometry":{"type":"Polygon","coordinates":[[[5846,9712],[6179,9725],[6243,9727],[6498,9547],[6327,9396],[6365,9356],[6377,9236],[6347,9179],[6342,9026],[6441,8929],[6521,8892],[6596,8757],[6617,8620],[6587,8488],[6594,8399],[6628,8298],[6644,8158],[6617,8044],[6947,7329],[7180,7245],[7332,7163],[7449,7051],[7540,6891],[7644,6760],[7972,6560],[7992,6341],[7964,6192],[7831,6080],[7731,6051],[7289,6034],[7235,6018],[7056,5742],[6961,5724],[6854,5675],[6741,5664],[6604,5720],[6280,5796],[6041,5913],[5700,5959],[5637,5996],[5549,6087],[5526,6135],[5974,6815],[6040,6949],[6026,7034],[5955,7213],[5957,7497],[5693,7634],[5688,7645],[5846,9712]]]}},{"type":"Feature","id":"SD.NO","properties":{"hc-group":"admin1","hc-middle-x":0.62,"hc-middle-y":0.52,"hc-key":"sd-no","hc-a2":"NO","labelrank":"3","hasc":"SD.NO","alt-name":null,"woe-id":"20069999","subregion":"Ash Sham?l?|Ash Sham?l?yah|Nord","fips":"SU43","postal-code":"NO","name":"Northern","country":"Sudan","type-en":"State","region":"Northern","longitude":"28.8329","woe-name":"Northern","latitude":"19.3151","woe-label":"Ash Shamaliyah, SD, Sudan","type":"Wilayat"},"geometry":{"type":"Polygon","coordinates":[[[5846,9712],[5688,7645],[5693,7634],[5957,7497],[5955,7213],[6026,7034],[6040,6949],[5974,6815],[5526,6135],[5501,6129],[5367,6042],[5241,6076],[5018,6051],[2722,6102],[2707,8319],[1141,8326],[1128,8331],[1146,9658],[5049,9686],[5142,9842],[5197,9793],[5166,9690],[5846,9712]]]}},{"type":"Feature","id":"SD.KN","properties":{"hc-group":"admin1","hc-middle-x":0.46,"hc-middle-y":0.42,"hc-key":"sd-kn","hc-a2":"KN","labelrank":"3","hasc":"SD.KN","alt-name":"Kordofan septentrional| Kurduf?n ash Sham?l?yah| Sham?l Kurduf?n| North Kordofan","woe-id":"20069912","subregion":null,"fips":"SU56","postal-code":"KN","name":"North Kordufan","country":"Sudan","type-en":"State","region":"Kordofan","longitude":"29.6122","woe-name":"North Kordufan","latitude":"14.5295","woe-label":"Shamal Kurdufan, SD, Sudan","type":"Wilayat"},"geometry":{"type":"Polygon","coordinates":[[[2722,6102],[5018,6051],[5241,6076],[5367,6042],[5536,5683],[5639,5554],[5785,5318],[5845,5164],[5639,5070],[5625,5015],[5547,4956],[5481,4802],[5368,4708],[5343,4573],[5357,4423],[5394,4331],[5475,4279],[5571,4105],[5630,4046],[5702,4018],[5705,3867],[5523,3735],[5442,3652],[5478,3404],[5348,3471],[5296,3470],[5222,3423],[5101,3411],[5033,3314],[4924,3248],[4851,3182],[4777,3192],[4675,3309],[4593,3335],[4423,3326],[4379,3358],[4355,3472],[4264,3477],[4217,3448],[4043,3176],[3875,3186],[3698,3311],[3636,3304],[3513,3170],[3469,3011],[3472,2969],[3410,2941],[3269,2922],[3213,2947],[3078,2946],[2989,2746],[2827,2584],[2716,2542],[2647,2542],[2551,2596],[2550,2757],[2529,2866],[2439,3050],[2417,3261],[2474,3395],[2476,3567],[2497,3617],[2639,3815],[2643,3874],[2733,3996],[2744,4053],[2691,4164],[2718,4316],[2620,4591],[2550,4813],[2487,4899],[2349,6081],[2362,6098],[2722,6102]]]}},{"type":"Feature","id":"SD.WN","properties":{"hc-group":"admin1","hc-middle-x":0.49,"hc-middle-y":0.52,"hc-key":"sd-wn","hc-a2":"WN","labelrank":"3","hasc":"SD.WN","alt-name":"An Ba?r al Abyad|An N?l al-Abyad|Nil Blanc|Nilo Branco","woe-id":"20069914","subregion":null,"fips":"SU41","postal-code":"WN","name":"White Nile","country":"Sudan","type-en":"State","region":"Blue Nile","longitude":"32.3633","woe-name":"White Nile","latitude":"13.5951","woe-label":"An Nil al Abyad, SD, Sudan","type":"Wilayat"},"geometry":{"type":"Polygon","coordinates":[[[6045,5158],[6063,5066],[6003,5052],[6018,5006],[6076,4980],[6091,4838],[6081,4793],[6010,4709],[5934,4533],[5957,4448],[6078,4237],[6088,4073],[6135,4054],[6194,4121],[6235,4075],[6272,3830],[6393,3644],[6388,3470],[6483,3168],[6168,3165],[6181,3022],[5743,3012],[5639,3123],[5523,3157],[5478,3404],[5442,3652],[5523,3735],[5705,3867],[5702,4018],[5630,4046],[5571,4105],[5475,4279],[5394,4331],[5357,4423],[5343,4573],[5368,4708],[5481,4802],[5547,4956],[5625,5015],[5639,5070],[5845,5164],[5904,5144],[6045,5158]]]}},{"type":"Feature","id":"SD.SI","properties":{"hc-group":"admin1","hc-middle-x":0.28,"hc-middle-y":0.40,"hc-key":"sd-si","hc-a2":"SI","labelrank":"3","hasc":"SD.SI","alt-name":"Al Wus?á, Al Awsat |An Nil al Azraq| Central","woe-id":"20069915","subregion":null,"fips":"SU58","postal-code":"SI","name":"Sennar","country":"Sudan","type-en":"Region","region":"Blue Nile","longitude":"34.252","woe-name":"Sennar","latitude":"13.21","woe-label":"Sinnar, SD, Sudan","type":"Region"},"geometry":{"type":"Polygon","coordinates":[[[8121,3521],[8067,3458],[7902,3163],[7880,3080],[7816,2993],[7772,2974],[7740,3034],[7600,3151],[7516,3246],[7363,3470],[7307,3522],[7235,3537],[7152,3497],[6681,3188],[6574,3201],[6483,3168],[6388,3470],[6393,3644],[6272,3830],[6235,4075],[6194,4121],[6215,4221],[6277,4195],[6311,4213],[6369,4363],[6412,4398],[6492,4389],[6565,4315],[6693,4419],[6760,4441],[6813,4412],[6959,4399],[7068,4225],[7176,4208],[7152,4125],[7263,3962],[7392,3884],[7489,3844],[7616,3723],[7759,3646],[7808,3602],[7898,3563],[8121,3521]]]}},{"type":"Feature","id":"SD.ND","properties":{"hc-group":"admin1","hc-middle-x":0.53,"hc-middle-y":0.41,"hc-key":"sd-nd","hc-a2":"ND","labelrank":"3","hasc":"SD.ND","alt-name":"North Darfur|Darfur ash Shamaliyah|Shamal Darfur|Darfur septentrional","woe-id":"20069895","subregion":"Darfour|D?rf?r","fips":"SU55","postal-code":"ND","name":"North Darfur","country":"Sudan","type-en":"State","region":"Darfur","longitude":"25.506","woe-name":"North Darfur","latitude":"16.4602","woe-label":"Shamal Darfur, SD, Sudan","type":"Wilayat"},"geometry":{"type":"Polygon","coordinates":[[[1255,3695],[1043,3691],[844,3722],[724,3731],[674,3766],[697,3826],[788,3912],[830,3975],[817,4018],[707,4027],[600,3987],[496,3929],[419,3920],[301,3966],[206,4029],[133,4036],[111,4062],[135,4160],[182,4243],[395,4469],[535,4698],[551,4746],[539,4861],[503,4941],[432,5030],[419,5240],[463,5462],[453,5478],[498,8332],[1120,8322],[1128,8331],[1141,8326],[2707,8319],[2722,6102],[2362,6098],[2349,6081],[2487,4899],[2550,4813],[2620,4591],[2718,4316],[2691,4164],[2744,4053],[2733,3996],[2643,3874],[2639,3815],[2497,3617],[2476,3567],[2474,3395],[2417,3261],[2439,3050],[2529,2866],[2436,2884],[2179,2880],[2124,2901],[2026,2981],[1895,2994],[1837,3036],[1772,3138],[1651,3265],[1757,3329],[1737,3367],[1595,3484],[1475,3552],[1352,3665],[1255,3695]]]}},{"type":"Feature","id":"SD.KS","properties":{"hc-group":"admin1","hc-middle-x":0.50,"hc-middle-y":0.45,"hc-key":"sd-ks","hc-a2":"KS","labelrank":"3","hasc":"SD.KS","alt-name":"Southern Kordofan|South Kordufan|Jan?b Kurduf?n|Janub Kurdufun|Kurduf?n al Jan?b?yah|Kordofan méridional","woe-id":"20069910","subregion":null,"fips":"SU50","postal-code":"KS","name":"South Kordufan","country":"Sudan","type-en":"State","region":"Kordofan","longitude":"29.83","woe-name":"South Kordufan","latitude":"11.4504","woe-label":"Janub Kurdufan, SD, Sudan","type":"Wilayat"},"geometry":{"type":"Polygon","coordinates":[[[5478,3404],[5523,3157],[5639,3123],[5743,3012],[5920,2820],[5924,2621],[5939,2507],[5987,2418],[5974,2381],[5667,2111],[5617,1987],[5487,1813],[5206,1527],[5159,1507],[4884,1485],[4707,1641],[4393,1837],[4132,1693],[4131,1597],[4046,1495],[3893,1460],[3733,1387],[3614,1269],[3624,1200],[3095,1203],[2995,1378],[2849,1689],[2837,1743],[2604,2314],[2562,2489],[2551,2596],[2647,2542],[2716,2542],[2827,2584],[2989,2746],[3078,2946],[3213,2947],[3269,2922],[3410,2941],[3472,2969],[3469,3011],[3513,3170],[3636,3304],[3698,3311],[3875,3186],[4043,3176],[4217,3448],[4264,3477],[4355,3472],[4379,3358],[4423,3326],[4593,3335],[4675,3309],[4777,3192],[4851,3182],[4924,3248],[5033,3314],[5101,3411],[5222,3423],[5296,3470],[5348,3471],[5478,3404]]]}},{"type":"Feature","id":"SD.SD","properties":{"hc-group":"admin1","hc-middle-x":0.50,"hc-middle-y":0.62,"hc-key":"sd-sd","hc-a2":"SD","labelrank":"3","hasc":"SD.SD","alt-name":"D?rf?r al Jan?b?yah| Jan?b D?rf?r| Darfur méridional| Southern Darfur","woe-id":"20069893","subregion":null,"fips":"SU49","postal-code":"SD","name":"Eastern Darfur","country":"Sudan","type-en":"State","region":"Darfur","longitude":"26.5295","woe-name":"South Darfur","latitude":"11.0263","woe-label":"Janub Darfur, SD, Sudan","type":"Wilayat"},"geometry":{"type":"Polygon","coordinates":[[[2551,2596],[2562,2489],[2604,2314],[2837,1743],[2849,1689],[2995,1378],[2627,1389],[2456,1385],[2200,1299],[2109,1328],[1860,1621],[1809,1640],[1753,1725],[1677,1776],[1673,1879],[1636,1929],[1640,2001],[1580,2186],[1484,2437],[1375,2530],[1213,2709],[1210,3163],[1277,3254],[1290,3438],[1255,3695],[1352,3665],[1475,3552],[1595,3484],[1737,3367],[1757,3329],[1651,3265],[1772,3138],[1837,3036],[1895,2994],[2026,2981],[2124,2901],[2179,2880],[2436,2884],[2529,2866],[2550,2757],[2551,2596]]]}},{"type":"Feature","id":"SD.KA","properties":{"hc-group":"admin1","hc-middle-x":0.53,"hc-middle-y":0.52,"hc-key":"sd-ka","hc-a2":"KA","labelrank":"3","hasc":"SD.KA","alt-name":"Cassala|Kessala","woe-id":"20069905","subregion":null,"fips":"SU52","postal-code":"KA","name":"Kassala","country":"Sudan","type-en":"State","region":"Kassala","longitude":"35.5979","woe-name":"Kassala","latitude":"15.6265","woe-label":"Kassala, SD, Sudan","type":"Wilayat"},"geometry":{"type":"Polygon","coordinates":[[[8830,6523],[8845,6468],[8848,6323],[8797,6246],[8786,6159],[8826,6087],[8838,5975],[8803,5927],[8731,5689],[8677,5609],[8648,5478],[8657,5420],[8625,5383],[8596,5284],[8534,5189],[8568,4975],[8302,4964],[8250,4951],[7948,4828],[7848,4844],[7693,5004],[7596,5219],[7490,5332],[7347,5406],[7174,5450],[7079,5644],[7056,5742],[7235,6018],[7289,6034],[7731,6051],[7831,6080],[7964,6192],[7992,6341],[7972,6560],[8239,6445],[8830,6523]]]}},{"type":"Feature","id":"SD.BN","properties":{"hc-group":"admin1","hc-middle-x":0.43,"hc-middle-y":0.36,"hc-key":"sd-bn","hc-a2":"BN","labelrank":"3","hasc":"SD.BN","alt-name":"An N?l al Azraq|Nil Bleu|Nilo Azul","woe-id":"20069913","subregion":null,"fips":"SU42","postal-code":"BN","name":"Blue Nile","country":"Sudan","type-en":"State","region":"Blue Nile","longitude":"34.1155","woe-name":"Blue Nile","latitude":"11.1657","woe-label":"An Nil al Azraq, SD, Sudan","type":"Wilayat"},"geometry":{"type":"Polygon","coordinates":[[[7772,2974],[7707,2905],[7728,2756],[7649,2569],[7674,2489],[7633,2359],[7659,2296],[7587,2200],[7532,2168],[7528,2208],[7417,2297],[7319,2238],[7218,2081],[7253,1882],[7241,1778],[7188,1717],[7110,1483],[7095,1331],[6982,1330],[6965,1389],[6981,1501],[7022,1588],[7018,1728],[6972,1824],[6680,2054],[6613,2125],[6459,2181],[6485,2251],[6409,2747],[6440,2816],[6445,2983],[6483,3168],[6574,3201],[6681,3188],[7152,3497],[7235,3537],[7307,3522],[7363,3470],[7516,3246],[7600,3151],[7740,3034],[7772,2974]]]}}]}