{"title":"Somalia","version":"1.1.2","type":"FeatureCollection","copyright":"Copyright (c) 2015 Highsoft AS, Based on data from Natural Earth","copyrightShort":"Natural Earth","copyrightUrl":"http://www.naturalearthdata.com","crs":{"type":"name","properties":{"name":"urn:ogc:def:crs:EPSG:32638"}},"hc-transform":{"default":{"crs":"+proj=utm +zone=38 +datum=WGS84 +units=m +no_defs","scale":0.000460572480769,"jsonres":15.5,"jsonmarginX":-999,"jsonmarginY":9851.0,"xoffset":51020.2892157,"yoffset":1332011.36209}},
"features":[{"type":"Feature","id":"SO.BR","properties":{"hc-group":"admin1","hc-middle-x":0.45,"hc-middle-y":0.36,"hc-key":"so-br","hc-a2":"BR","labelrank":"5","hasc":"SO.BR","alt-name":null,"woe-id":"2347008","subregion":null,"fips":"SO03","postal-code":"BR","name":"Bari","country":"Somalia","type-en":"Region","region":null,"longitude":"50.1777","woe-name":"Bari","latitude":"9.955830000000001","woe-label":"Bari, SO, Somalia","type":"Gobolka"},"geometry":{"type":"Polygon","coordinates":[[[5294,7906],[5278,9240],[5307,9242],[5512,9284],[5561,9320],[5637,9317],[5731,9361],[5773,9414],[5859,9427],[5952,9416],[5988,9422],[6052,9461],[6160,9459],[6229,9504],[6312,9526],[6392,9590],[6442,9609],[6500,9674],[6512,9744],[6547,9793],[6719,9851],[6774,9815],[6855,9809],[6902,9772],[6979,9769],[7021,9751],[7109,9736],[7077,9652],[7077,9591],[6980,9473],[6979,9410],[6952,9342],[6947,9256],[6958,9220],[7028,9198],[6990,9102],[6984,9066],[7007,8815],[7026,8754],[6984,8735],[6982,8670],[6930,8648],[6910,8621],[6932,8607],[7052,8633],[7039,8725],[7131,8662],[7212,8662],[7230,8638],[7199,8574],[7117,8580],[7092,8618],[6973,8601],[6916,8579],[6847,8535],[6828,8461],[6838,8415],[6816,8355],[6830,8294],[6785,8068],[6775,7997],[6761,7976],[6768,7910],[6791,7843],[6783,7813],[6736,7733],[6664,7684],[6637,7634],[6644,7566],[6610,7508],[6525,7438],[6468,7362],[6444,7264],[6396,7190],[6393,7126],[6369,7067],[6342,7056],[6322,7012],[6272,6945],[6180,7028],[6085,7042],[6015,6939],[5966,7096],[5887,7135],[5705,7141],[5578,7218],[5491,7281],[5435,7383],[5409,7573],[5389,7913],[5294,7906]]]}},{"type":"Feature","id":"SO.BY","properties":{"hc-group":"admin1","hc-middle-x":0.64,"hc-middle-y":0.58,"hc-key":"so-by","hc-a2":"BY","labelrank":"5","hasc":"SO.BY","alt-name":"Baay","woe-id":"2347009","subregion":null,"fips":"SO04","postal-code":"BY","name":"Bay","country":"Somalia","type-en":"Region","region":null,"longitude":"43.545","woe-name":"Bay","latitude":"2.67209","woe-label":"Bay, SO, Somalia","type":"Gobolka"},"geometry":{"type":"Polygon","coordinates":[[[141,1882],[254,2506],[302,2766],[564,2742],[699,2758],[699,2892],[716,3239],[945,3160],[1080,3191],[1160,3278],[1215,3381],[1318,3436],[1374,3436],[1556,3380],[1659,3159],[1659,3017],[1635,2978],[1738,2914],[1897,2922],[1937,2906],[1960,2749],[1921,2559],[1936,2512],[1905,2299],[1928,2094],[1317,1826],[1079,1731],[602,1495],[538,1542],[237,1827],[141,1882]]]}},{"type":"Feature","id":"SO.GE","properties":{"hc-group":"admin1","hc-middle-x":0.49,"hc-middle-y":0.40,"hc-key":"so-ge","hc-a2":"GE","labelrank":"5","hasc":"SO.GE","alt-name":"Gado","woe-id":"2347011","subregion":null,"fips":"SO06","postal-code":"GE","name":"Gedo","country":"Somalia","type-en":"Region","region":null,"longitude":"42.0524","woe-name":"Gedo","latitude":"3.05384","woe-label":"Gedo, SO, Somalia","type":"Gobolka"},"geometry":{"type":"Polygon","coordinates":[[[716,3239],[699,2892],[699,2758],[564,2742],[302,2766],[254,2506],[141,1882],[-463,1875],[-639,1338],[-998,1315],[-996,2317],[-998,2568],[-986,2590],[-697,2873],[-253,3500],[-233,3559],[-117,3640],[-64,3660],[64,3661],[455,3726],[519,3760],[700,3445],[732,3381],[716,3239]]]}},{"type":"Feature","id":"SO.BK","properties":{"hc-group":"admin1","hc-middle-x":0.41,"hc-middle-y":0.37,"hc-key":"so-bk","hc-a2":"BK","labelrank":"5","hasc":"SO.BK","alt-name":null,"woe-id":"2347006","subregion":null,"fips":"SO01","postal-code":"BK","name":"Bakool","country":"Somalia","type-en":"Region","region":null,"longitude":"43.835","woe-name":"Bakool","latitude":"4.40611","woe-label":null,"type":"Gobolka"},"geometry":{"type":"Polygon","coordinates":[[[716,3239],[732,3381],[700,3445],[519,3760],[554,3811],[591,3909],[717,4011],[1041,4164],[1292,4221],[1390,4252],[1889,4222],[1887,4222],[1953,3822],[2008,3553],[2048,3388],[2024,3261],[2032,2922],[1937,2906],[1897,2922],[1738,2914],[1635,2978],[1659,3017],[1659,3159],[1556,3380],[1374,3436],[1318,3436],[1215,3381],[1160,3278],[1080,3191],[945,3160],[716,3239]]]}},{"type":"Feature","id":"SO.JD","properties":{"hc-group":"admin1","hc-middle-x":0.69,"hc-middle-y":0.53,"hc-key":"so-jd","hc-a2":"JD","labelrank":"5","hasc":"SO.JD","alt-name":"J. Dhexe| Central Juba| Middle Juba","woe-id":"2347013","subregion":null,"fips":"SO08","postal-code":"JD","name":"Jubbada Dhexe","country":"Somalia","type-en":"Region","region":null,"longitude":"42.4706","woe-name":"Jubbada Dhexe","latitude":"1.55342","woe-label":"Jubbada Dhexe, SO, Somalia","type":"Gobolka"},"geometry":{"type":"Polygon","coordinates":[[[1032,873],[989,832],[844,670],[764,592],[402,587],[323,911],[165,1384],[-18,1377],[-639,1338],[-463,1875],[141,1882],[237,1827],[538,1542],[602,1495],[832,1155],[1032,873]]]}},{"type":"Feature","id":"SO.SH","properties":{"hc-group":"admin1","hc-middle-x":0.37,"hc-middle-y":0.68,"hc-key":"so-sh","hc-a2":"SH","labelrank":"5","hasc":"SO.SH","alt-name":"Sh. Hoose| Lower Shabele","woe-id":"2347019","subregion":null,"fips":"SO02","postal-code":"SH","name":"Shabeellaha Hoose","country":"Somalia","type-en":"Region","region":null,"longitude":"44.185","woe-name":"Shabeellaha Hoose","latitude":"1.63602","woe-label":"Shabeellaha Hoose, SO, Somalia","type":"Gobolka"},"geometry":{"type":"Polygon","coordinates":[[[2418,1910],[2207,1815],[1949,1634],[1849,1572],[1676,1439],[1588,1349],[1528,1312],[1503,1275],[1438,1208],[1395,1185],[1358,1139],[1239,1069],[1201,1017],[1141,977],[1032,873],[832,1155],[602,1495],[1079,1731],[1317,1826],[1928,2094],[1905,2299],[1936,2512],[1921,2559],[1960,2749],[1937,2906],[2032,2922],[2262,2906],[2301,2741],[2476,2488],[2468,2062],[2516,2038],[2418,1911],[2418,1910]]]}},{"type":"Feature","id":"SO.BN","properties":{"hc-group":"admin1","hc-middle-x":0.44,"hc-middle-y":0.33,"hc-key":"so-bn","hc-a2":"BN","labelrank":"5","hasc":"SO.BN","alt-name":"Benadir","woe-id":"2347007","subregion":null,"fips":"SO02","postal-code":"BN","name":"Banaadir","country":"Somalia","type-en":"Region","region":null,"longitude":"45.436","woe-name":"Banaadir","latitude":"2.12409","woe-label":"Banaadir, SO, Somalia","type":"Gobolka"},"geometry":{"type":"Polygon","coordinates":[[[2571,2054],[2687,2065],[2418,1910],[2418,1911],[2516,2038],[2571,2054]]]}},{"type":"Feature","id":"SO.GA","properties":{"hc-group":"admin1","hc-middle-x":0.60,"hc-middle-y":0.52,"hc-key":"so-ga","hc-a2":"GA","labelrank":"5","hasc":"SO.GA","alt-name":"Galgudug","woe-id":"2347010","subregion":null,"fips":"SO05","postal-code":"GA","name":"Galguduud","country":"Somalia","type-en":"Region","region":null,"longitude":"46.6795","woe-name":"Galguduud","latitude":"5.09616","woe-label":"Galguduud, SO, Somalia","type":"Gobolka"},"geometry":{"type":"Polygon","coordinates":[[[4457,3772],[4250,3549],[4180,3451],[3824,3081],[3821,3083],[3308,3412],[3315,3681],[3117,3838],[3085,4083],[3164,4241],[3180,4351],[3029,4312],[2768,4374],[2736,4438],[2616,4714],[2946,5074],[3330,5470],[3364,5503],[4260,5302],[4064,4883],[4160,4741],[4272,4441],[4187,3888],[4457,3772]]]}},{"type":"Feature","id":"SO.HI","properties":{"hc-group":"admin1","hc-middle-x":0.53,"hc-middle-y":0.61,"hc-key":"so-hi","hc-a2":"HI","labelrank":"5","hasc":"SO.HI","alt-name":"Hiiran","woe-id":"2347012","subregion":null,"fips":"SO07","postal-code":"HI","name":"Hiiraan","country":"Somalia","type-en":"Region","region":null,"longitude":"45.4984","woe-name":"Hiiraan","latitude":"4.36813","woe-label":"Hiiraan, SO, Somalia","type":"Gobolka"},"geometry":{"type":"Polygon","coordinates":[[[2262,2906],[2032,2922],[2024,3261],[2048,3388],[2008,3553],[1953,3822],[1887,4222],[1889,4222],[2137,4208],[2160,4217],[2616,4714],[2736,4438],[2768,4374],[3029,4312],[3180,4351],[3164,4241],[3085,4083],[3117,3838],[3315,3681],[3308,3412],[3023,3120],[2952,2907],[2420,2867],[2325,2875],[2262,2906]]]}},{"type":"Feature","id":"SO.SD","properties":{"hc-group":"admin1","hc-middle-x":0.51,"hc-middle-y":0.51,"hc-key":"so-sd","hc-a2":"SD","labelrank":"5","hasc":"SO.SD","alt-name":"Sh. Dhexe| Central Shabele","woe-id":"2347018","subregion":null,"fips":"SO13","postal-code":"SD","name":"Shabeellaha Dhexe","country":"Somalia","type-en":"Region","region":null,"longitude":"46.0549","woe-name":"Shabeellaha Dhexe","latitude":"3.00561","woe-label":"Shabeellaha Dhexe, SO, Somalia","type":"Gobolka"},"geometry":{"type":"Polygon","coordinates":[[[3824,3081],[3661,2894],[3555,2800],[3496,2729],[3387,2638],[3328,2578],[3252,2514],[3229,2470],[3187,2447],[3113,2369],[3083,2323],[3021,2266],[2862,2164],[2687,2065],[2571,2054],[2516,2038],[2468,2062],[2476,2488],[2301,2741],[2262,2906],[2325,2875],[2420,2867],[2952,2907],[3023,3120],[3308,3412],[3821,3083],[3824,3081]]]}},{"type":"Feature","id":"SO.MU","properties":{"hc-group":"admin1","hc-middle-x":0.53,"hc-middle-y":0.39,"hc-key":"so-mu","hc-a2":"MU","labelrank":"5","hasc":"SO.MU","alt-name":"Madugh| Mudugh","woe-id":"2347015","subregion":null,"fips":"SO10","postal-code":"MU","name":"Mudug","country":"Somalia","type-en":"Region","region":null,"longitude":"48.1009","woe-name":"Mudug","latitude":"5.51036","woe-label":null,"type":"Gobolka"},"geometry":{"type":"Polygon","coordinates":[[[5866,6208],[5824,6133],[5772,6073],[5653,5902],[5595,5787],[5560,5731],[5521,5622],[5426,5417],[5435,5332],[5424,5262],[5397,5202],[5251,4948],[5130,4760],[5092,4675],[5014,4591],[4936,4460],[4842,4357],[4742,4222],[4627,3987],[4542,3864],[4457,3772],[4187,3888],[4272,4441],[4160,4741],[4064,4883],[4260,5302],[3364,5503],[4018,6139],[4201,6318],[4965,6200],[5381,6441],[5508,6434],[5706,6341],[5753,6334],[5866,6208]]]}},{"type":"Feature","id":"SO.NU","properties":{"hc-group":"admin1","hc-middle-x":0.55,"hc-middle-y":0.67,"hc-key":"so-nu","hc-a2":"NU","labelrank":"5","hasc":"SO.NU","alt-name":null,"woe-id":"2347016","subregion":null,"fips":"SO18","postal-code":"NU","name":"Nugaal","country":"Somalia","type-en":"Region","region":null,"longitude":"48.849","woe-name":"Nugaal","latitude":"8.46102","woe-label":"Nugaal, SO, Somalia","type":"Gobolka"},"geometry":{"type":"Polygon","coordinates":[[[6272,6945],[6232,6838],[6189,6783],[6088,6719],[6020,6648],[5997,6596],[5991,6540],[6010,6505],[6004,6471],[5952,6400],[5946,6351],[5866,6208],[5753,6334],[5706,6341],[5508,6434],[5381,6441],[4965,6200],[4201,6318],[4551,6661],[5295,7818],[5294,7906],[5389,7913],[5409,7573],[5435,7383],[5491,7281],[5578,7218],[5705,7141],[5887,7135],[5966,7096],[6015,6939],[6085,7042],[6180,7028],[6272,6945]]]}},{"type":"Feature","id":"SO.JH","properties":{"hc-group":"admin1","hc-middle-x":0.39,"hc-middle-y":0.45,"hc-key":"so-jh","hc-a2":"JH","labelrank":"5","hasc":"SO.JH","alt-name":"J. Hoose| Lower Juba","woe-id":"2347014","subregion":null,"fips":"SO09","postal-code":"JH","name":"Jubbada Hoose","country":"Somalia","type-en":"Region","region":null,"longitude":"41.8088","woe-name":"Jubbada Hoose","latitude":"0.007898000000000001","woe-label":"Jubbada Hoose, SO, Somalia","type":"Gobolka"},"geometry":{"type":"Polygon","coordinates":[[[764,592],[689,518],[435,240],[337,161],[284,107],[260,60],[235,50],[193,-13],[150,-46],[21,-200],[-25,-271],[-70,-307],[-121,-313],[-113,-340],[-165,-423],[-203,-443],[-210,-365],[-221,-403],[-200,-467],[-215,-502],[-278,-587],[-269,-614],[-313,-598],[-307,-656],[-454,-895],[-487,-917],[-547,-999],[-544,-934],[-557,-901],[-990,-347],[-999,340],[-998,1315],[-639,1338],[-18,1377],[165,1384],[323,911],[402,587],[764,592]]]}}]}