{"title":"East Timor","version":"1.1.2","type":"FeatureCollection","copyright":"Copyright (c) 2015 Highsoft AS, Based on data from Natural Earth","copyrightShort":"Natural Earth","copyrightUrl":"http://www.naturalearthdata.com","crs":{"type":"name","properties":{"name":"urn:ogc:def:crs:EPSG:32751"}},"hc-transform":{"default":{"crs":"+proj=utm +zone=51 +south +datum=WGS84 +units=m +no_defs","scale":0.00193294334187,"jsonres":15.5,"jsonmarginX":-999,"jsonmarginY":9851.0,"xoffset":613113.273528,"yoffset":9099831.45792}},
"features":[{"type":"Feature","id":"TL.DL","properties":{"hc-group":"admin1","hc-middle-x":0.26,"hc-middle-y":0.89,"hc-key":"tl-dl","hc-a2":"DL","labelrank":"9","hasc":"TP.DL","alt-name":"Dilli","woe-id":"24549898","subregion":null,"fips":"TT00","postal-code":"DL","name":"Dili","country":"East Timor","type-en":"District|Regencies","region":null,"longitude":"125.668","woe-name":"Dili","latitude":"-8.55429","woe-label":"Dili, TL, East Timor","type":"Distrik|Kabupaten"},"geometry":{"type":"MultiPolygon","coordinates":[[[[4136,9257],[4105,9248],[4070,9275],[3963,9308],[3921,9332],[3886,9372],[3875,9404],[3884,9436],[3910,9480],[3952,9519],[4069,9607],[4130,9706],[4213,9792],[4304,9851],[4363,9825],[4335,9719],[4205,9408],[4182,9307],[4167,9281],[4136,9257]]],[[[3823,8418],[3994,8494],[4075,8503],[4160,8477],[4199,8479],[4290,8569],[4350,8543],[4448,8539],[4627,8567],[4943,8666],[5000,8591],[4948,8522],[4883,8475],[4810,8386],[4727,8363],[4720,8361],[4630,8415],[4503,8424],[4352,8351],[4239,8291],[4160,8275],[4055,8241],[3925,8222],[3895,8245],[3848,8280],[3823,8418]]]]}},{"type":"Feature","id":"TL.AM","properties":{"hc-group":"admin1","hc-middle-x":0.57,"hc-middle-y":0.46,"hc-key":"tl-am","hc-a2":"AM","labelrank":"9","hasc":"TP.AM","alt-name":"Ambino|Oecussi","woe-id":"24549906","subregion":null,"fips":"TT00","postal-code":"AM","name":"Ambeno","country":"East Timor","type-en":"District|Regencies","region":null,"longitude":"124.241","woe-name":"Ambeno","latitude":"-9.323230000000001","woe-label":"Oecussi-Ambeno, TL, East Timor","type":"Distrik|Kabupaten"},"geometry":{"type":"Polygon","coordinates":[[[-999,5877],[-939,5893],[-672,5998],[-615,6005],[-573,6026],[-500,6129],[-469,6163],[-369,6209],[-149,6275],[173,6335],[210,6354],[238,6391],[303,6403],[387,6408],[390,6340],[340,6157],[324,6041],[311,6013],[224,5906],[126,5823],[69,5799],[47,5765],[38,5667],[-6,5597],[-17,5549],[-2,5491],[-6,5460],[-35,5415],[-79,5387],[-135,5373],[-199,5367],[-252,5346],[-266,5415],[-252,5498],[-263,5554],[-286,5611],[-318,5665],[-355,5710],[-405,5752],[-448,5771],[-494,5769],[-548,5747],[-592,5710],[-659,5619],[-700,5594],[-802,5612],[-892,5691],[-999,5877]]]}},{"type":"Feature","id":"TL.BB","properties":{"hc-group":"admin1","hc-middle-x":0.65,"hc-middle-y":0.54,"hc-key":"tl-bb","hc-a2":"BB","labelrank":"9","hasc":"TP.BB","alt-name":null,"woe-id":"24549896","subregion":null,"fips":"TT00","postal-code":"BB","name":"Bobonaro","country":"East Timor","type-en":"District|Regencies","region":null,"longitude":"125.219","woe-name":"Bobonaro","latitude":"-8.980729999999999","woe-label":"Bobonaro, TL, East Timor","type":"Distrik|Kabupaten"},"geometry":{"type":"Polygon","coordinates":[[[2699,6427],[2674,6512],[2732,6720],[2733,6792],[2706,6858],[2658,6912],[2599,6955],[2537,6990],[2486,7040],[2452,7025],[2440,7007],[2414,6918],[2370,6879],[2213,6812],[2129,6758],[2086,6741],[2026,6737],[1978,6751],[1939,6781],[1912,6823],[1895,6874],[1900,6930],[1944,7043],[1935,7124],[2048,7187],[2118,7255],[2279,7496],[2293,7547],[2324,7576],[2472,7630],[2521,7671],[2534,7729],[2544,7855],[2673,7802],[2771,7802],[2795,7807],[2818,7749],[2940,7724],[2992,7698],[3032,7630],[3124,7450],[3215,7262],[3233,7196],[3242,7097],[3275,7018],[3481,7024],[3561,7047],[3558,6957],[3552,6875],[3465,6855],[3387,6789],[3370,6704],[3358,6581],[3324,6516],[3216,6522],[3159,6508],[3248,6396],[3221,6296],[3035,6271],[2914,6283],[2899,6326],[2876,6361],[2828,6387],[2699,6427]]]}},{"type":"Feature","id":"TL.CL","properties":{"hc-group":"admin1","hc-middle-x":0.33,"hc-middle-y":0.61,"hc-key":"tl-cl","hc-a2":"CL","labelrank":"9","hasc":"TP.CL","alt-name":"Covalima|Kova-Lima","woe-id":"24549894","subregion":null,"fips":"TT00","postal-code":"CL","name":"Cova Lima","country":"East Timor","type-en":"District|Regencies","region":null,"longitude":"125.233","woe-name":"Cova Lima","latitude":"-9.30758","woe-label":"Cova Lima, TL, East Timor","type":"Distrik|Kabupaten"},"geometry":{"type":"Polygon","coordinates":[[[3802,6188],[3442,6057],[3323,5985],[3152,5845],[3061,5807],[3020,5760],[2959,5669],[2887,5601],[2839,5585],[2685,5574],[2621,5556],[2565,5521],[2508,5466],[2393,5385],[2359,5588],[2344,5637],[2271,5754],[2275,5829],[2252,5872],[2183,5916],[2104,5987],[2082,6024],[2063,6082],[2044,6197],[2057,6295],[2112,6361],[2220,6379],[2287,6378],[2332,6355],[2372,6310],[2392,6297],[2439,6294],[2497,6342],[2548,6370],[2584,6372],[2665,6367],[2692,6379],[2699,6427],[2828,6387],[2876,6361],[2899,6326],[2914,6283],[3035,6271],[3221,6296],[3248,6396],[3159,6508],[3216,6522],[3324,6516],[3358,6581],[3370,6704],[3387,6789],[3465,6855],[3552,6875],[3599,6826],[3621,6777],[3668,6755],[3702,6672],[3712,6543],[3755,6491],[3828,6472],[3880,6441],[3827,6279],[3802,6188]]]}},{"type":"Feature","id":"TL.ER","properties":{"hc-group":"admin1","hc-middle-x":0.58,"hc-middle-y":0.52,"hc-key":"tl-er","hc-a2":"ER","labelrank":"9","hasc":"TP.ER","alt-name":null,"woe-id":"24549895","subregion":null,"fips":"TT00","postal-code":"ER","name":"Ermera","country":"East Timor","type-en":"District|Regencies","region":null,"longitude":"125.344","woe-name":"Ermera","latitude":"-8.84722","woe-label":"Ermera, TL, East Timor","type":"Distrik|Kabupaten"},"geometry":{"type":"Polygon","coordinates":[[[3561,7047],[3481,7024],[3275,7018],[3242,7097],[3233,7196],[3215,7262],[3124,7450],[3032,7630],[2992,7698],[2940,7724],[2818,7749],[2795,7807],[2952,7840],[3105,7898],[3191,7945],[3483,7998],[3632,8112],[3750,8152],[3838,8147],[3853,8147],[3886,8080],[3847,7978],[3776,7938],[3669,7902],[3661,7862],[3713,7809],[3687,7736],[3633,7670],[3681,7621],[3769,7576],[3784,7516],[3811,7465],[3826,7435],[3816,7351],[3756,7299],[3733,7242],[3662,7155],[3659,7075],[3561,7047]]]}},{"type":"Feature","id":"TL.MT","properties":{"hc-group":"admin1","hc-middle-x":0.43,"hc-middle-y":0.43,"hc-key":"tl-mt","hc-a2":"MT","labelrank":"9","hasc":"TP.MT","alt-name":null,"woe-id":"24549902","subregion":null,"fips":"TT00","postal-code":"MT","name":"Manatuto","country":"East Timor","type-en":"District|Regencies","region":null,"longitude":"125.968","woe-name":"Manatuto","latitude":"-8.737","woe-label":"Manatuto, TL, East Timor","type":"Distrik|Kabupaten"},"geometry":{"type":"Polygon","coordinates":[[[5951,6970],[5898,6949],[5651,6782],[5644,6822],[5601,6898],[5460,6999],[5315,7084],[5265,7165],[5188,7258],[5075,7315],[4975,7370],[4874,7453],[4837,7602],[4860,7797],[4847,7955],[4797,8074],[4751,8143],[4706,8250],[4727,8363],[4810,8386],[4883,8475],[4948,8522],[5000,8591],[4943,8666],[5016,8689],[5172,8697],[5516,8634],[5648,8569],[5736,8559],[5809,8573],[5950,8615],[5977,8619],[6040,8569],[6074,8503],[6092,8325],[6097,8217],[6075,8144],[6036,8091],[5966,8028],[5872,8049],[5808,8006],[5767,7902],[5730,7816],[5668,7776],[5624,7720],[5612,7656],[5689,7536],[5758,7408],[5759,7337],[5773,7265],[5808,7166],[5864,7083],[5951,6970]]]}},{"type":"Feature","id":"TL.MF","properties":{"hc-group":"admin1","hc-middle-x":0.47,"hc-middle-y":0.60,"hc-key":"tl-mf","hc-a2":"MF","labelrank":"9","hasc":"TP.MF","alt-name":null,"woe-id":"24549901","subregion":null,"fips":"TT00","postal-code":"MF","name":"Manufahi","country":"East Timor","type-en":"District|Regencies","region":null,"longitude":"125.813","woe-name":"Manufahi","latitude":"-9.004339999999999","woe-label":"Manufahi, TL, East Timor","type":"Distrik|Kabupaten"},"geometry":{"type":"Polygon","coordinates":[[[4860,7797],[4837,7602],[4874,7453],[4975,7370],[5075,7315],[5188,7258],[5265,7165],[5315,7084],[5460,6999],[5601,6898],[5644,6822],[5651,6782],[5318,6558],[5256,6539],[5063,6570],[4997,6566],[4960,6547],[4888,6487],[4849,6474],[4713,6475],[4643,6459],[4431,6342],[4403,6341],[4395,6364],[4371,6486],[4415,6596],[4388,6671],[4340,6717],[4161,6801],[4116,6878],[4107,6987],[4114,7050],[4141,7097],[4169,7160],[4180,7223],[4257,7262],[4366,7260],[4416,7291],[4429,7446],[4473,7663],[4538,7669],[4658,7729],[4718,7788],[4773,7805],[4860,7797]]]}},{"type":"Feature","id":"TL.VQ","properties":{"hc-group":"admin1","hc-middle-x":0.40,"hc-middle-y":0.56,"hc-key":"tl-vq","hc-a2":"VQ","labelrank":"9","hasc":"TP.VQ","alt-name":"Vikeke","woe-id":"24549903","subregion":null,"fips":"TT00","postal-code":"VQ","name":"Viqueque","country":"East Timor","type-en":"District|Regencies","region":null,"longitude":"126.386","woe-name":"Viqueque","latitude":"-8.8247","woe-label":"Viqueque, TL, East Timor","type":"Distrik|Kabupaten"},"geometry":{"type":"Polygon","coordinates":[[[7906,7745],[7793,7738],[7721,7721],[7682,7703],[7585,7632],[7532,7616],[7460,7613],[7426,7601],[7295,7455],[7173,7251],[7056,7150],[6916,7112],[6043,7008],[5951,6970],[5864,7083],[5808,7166],[5773,7265],[5759,7337],[5758,7408],[5689,7536],[5612,7656],[5624,7720],[5668,7776],[5730,7816],[5767,7902],[5808,8006],[5872,8049],[5966,8028],[6101,7981],[6277,7976],[6434,8033],[6597,8041],[6740,8008],[6930,7935],[6987,7977],[6975,8078],[6986,8177],[7010,8264],[7073,8200],[7128,8054],[7217,8010],[7351,8030],[7439,8018],[7493,7985],[7536,8005],[7576,8083],[7655,8120],[7838,8065],[7897,8020],[7943,7959],[7932,7943],[7907,7860],[7906,7745]]]}},{"type":"Feature","id":"TL.BT","properties":{"hc-group":"admin1","hc-middle-x":0.39,"hc-middle-y":0.48,"hc-key":"tl-bt","hc-a2":"BT","labelrank":"9","hasc":"TP.BT","alt-name":null,"woe-id":"24549904","subregion":null,"fips":"ID28","postal-code":"BT","name":"Lautem","country":"East Timor","type-en":"District|Regencies","region":null,"longitude":"127.001","woe-name":"Lautem","latitude":"-8.50164","woe-label":"Lautem, TL, East Timor","type":"Distrik|Kabupaten"},"geometry":{"type":"Polygon","coordinates":[[[7784,8841],[7800,8845],[7891,8901],[7927,8901],[8007,8879],[8152,8907],[8294,8969],[8635,9206],[8710,9237],[8765,9224],[8816,9186],[9047,9073],[9111,9055],[9193,9047],[9273,9053],[9332,9081],[9434,9152],[9457,9161],[9499,9151],[9546,9067],[9616,9025],[9765,8983],[9828,8939],[9851,8873],[9817,8816],[9574,8639],[9421,8488],[9115,8257],[8899,8052],[8876,8018],[8837,8015],[8605,7966],[8391,7815],[8296,7769],[7906,7745],[7907,7860],[7932,7943],[7943,7959],[8055,8111],[8186,8209],[8162,8264],[8072,8357],[7956,8464],[7907,8513],[7935,8557],[7945,8613],[7893,8645],[7857,8683],[7834,8767],[7784,8841]]]}},{"type":"Feature","id":"TL.LQ","properties":{"hc-group":"admin1","hc-middle-x":0.48,"hc-middle-y":0.46,"hc-key":"tl-lq","hc-a2":"LQ","labelrank":"9","hasc":"TP.LQ","alt-name":"Likisia","woe-id":"24549897","subregion":null,"fips":"TT00","postal-code":"LQ","name":"Liquica","country":"East Timor","type-en":"District|Regencies","region":null,"longitude":"125.308","woe-name":"Liquica","latitude":"-8.65272","woe-label":"Liquica, TL, East Timor","type":"Distrik|Kabupaten"},"geometry":{"type":"Polygon","coordinates":[[[2544,7855],[2556,8026],[2585,8101],[2628,8169],[2682,8215],[2748,8237],[2899,8259],[2963,8293],[2989,8299],[3110,8281],[3147,8291],[3245,8348],[3464,8409],[3531,8416],[3748,8400],[3823,8418],[3848,8280],[3895,8245],[3859,8184],[3838,8147],[3750,8152],[3632,8112],[3483,7998],[3191,7945],[3105,7898],[2952,7840],[2795,7807],[2771,7802],[2673,7802],[2544,7855]]]}},{"type":"Feature","id":"TL.AL","properties":{"hc-group":"admin1","hc-middle-x":0.55,"hc-middle-y":0.47,"hc-key":"tl-al","hc-a2":"AL","labelrank":"9","hasc":"TP.AL","alt-name":"Alieau","woe-id":"24549899","subregion":null,"fips":"TT00","postal-code":"AL","name":"Aileu","country":"East Timor","type-en":"District|Regencies","region":null,"longitude":"125.619","woe-name":"Aileu","latitude":"-8.69661","woe-label":"Aileu, TL, East Timor","type":"Distrik|Kabupaten"},"geometry":{"type":"Polygon","coordinates":[[[3838,8147],[3859,8184],[3895,8245],[3925,8222],[4055,8241],[4160,8275],[4239,8291],[4352,8351],[4503,8424],[4630,8415],[4720,8361],[4727,8363],[4706,8250],[4751,8143],[4797,8074],[4847,7955],[4860,7797],[4773,7805],[4718,7788],[4658,7729],[4538,7669],[4473,7663],[4484,7741],[4428,7751],[4331,7737],[4249,7683],[4178,7667],[4155,7607],[4088,7526],[3980,7487],[3811,7465],[3784,7516],[3769,7576],[3681,7621],[3633,7670],[3687,7736],[3713,7809],[3661,7862],[3669,7902],[3776,7938],[3847,7978],[3886,8080],[3853,8147],[3838,8147]]]}},{"type":"Feature","id":"TL.AN","properties":{"hc-group":"admin1","hc-middle-x":0.40,"hc-middle-y":0.62,"hc-key":"tl-an","hc-a2":"AN","labelrank":"9","hasc":"TP.AN","alt-name":null,"woe-id":"24549900","subregion":null,"fips":"TT00","postal-code":"AN","name":"Ainaro","country":"East Timor","type-en":"District|Regencies","region":null,"longitude":"125.551","woe-name":"Ainaro","latitude":"-9.030989999999999","woe-label":"Ainaro, TL, East Timor","type":"Distrik|Kabupaten"},"geometry":{"type":"Polygon","coordinates":[[[4403,6341],[4371,6341],[4203,6366],[4149,6355],[4082,6302],[4014,6265],[3802,6188],[3827,6279],[3880,6441],[3828,6472],[3755,6491],[3712,6543],[3702,6672],[3668,6755],[3621,6777],[3599,6826],[3552,6875],[3558,6957],[3561,7047],[3659,7075],[3662,7155],[3733,7242],[3756,7299],[3816,7351],[3826,7435],[3811,7465],[3980,7487],[4088,7526],[4155,7607],[4178,7667],[4249,7683],[4331,7737],[4428,7751],[4484,7741],[4473,7663],[4429,7446],[4416,7291],[4366,7260],[4257,7262],[4180,7223],[4169,7160],[4141,7097],[4114,7050],[4107,6987],[4116,6878],[4161,6801],[4340,6717],[4388,6671],[4415,6596],[4371,6486],[4395,6364],[4403,6341]]]}},{"type":"Feature","id":"TL.BC","properties":{"hc-group":"admin1","hc-middle-x":0.42,"hc-middle-y":0.50,"hc-key":"tl-bc","hc-a2":"BC","labelrank":"9","hasc":"TP.BC","alt-name":"Baukau","woe-id":"24549905","subregion":null,"fips":"TT00","postal-code":"BC","name":"Baucau","country":"East Timor","type-en":"District|Regencies","region":null,"longitude":"126.476","woe-name":"Baucau","latitude":"-8.537290000000001","woe-label":"Baucau, TL, East Timor","type":"Distrik|Kabupaten"},"geometry":{"type":"Polygon","coordinates":[[[5977,8619],[6021,8624],[6169,8625],[6302,8643],[6371,8676],[6517,8778],[6623,8807],[6733,8868],[6836,8874],[6871,8889],[6930,8845],[7000,8816],[7076,8800],[7153,8794],[7201,8777],[7322,8661],[7459,8705],[7713,8822],[7784,8841],[7834,8767],[7857,8683],[7893,8645],[7945,8613],[7935,8557],[7907,8513],[7956,8464],[8072,8357],[8162,8264],[8186,8209],[8055,8111],[7943,7959],[7897,8020],[7838,8065],[7655,8120],[7576,8083],[7536,8005],[7493,7985],[7439,8018],[7351,8030],[7217,8010],[7128,8054],[7073,8200],[7010,8264],[6986,8177],[6975,8078],[6987,7977],[6930,7935],[6740,8008],[6597,8041],[6434,8033],[6277,7976],[6101,7981],[5966,8028],[6036,8091],[6075,8144],[6097,8217],[6092,8325],[6074,8503],[6040,8569],[5977,8619]]]}}]}