{"title":"United States Virgin Islands","version":"1.1.2","type":"FeatureCollection","copyright":"Copyright (c) 2015 Highsoft AS, Based on data from Natural Earth","copyrightShort":"Natural Earth","copyrightUrl":"http://www.naturalearthdata.com","crs":{"type":"name","properties":{"name":"urn:ogc:def:crs:EPSG:32161"}},"hc-transform":{"default":{"crs":"+proj=lcc +lat_1=18.43333333333333 +lat_2=18.03333333333334 +lat_0=17.83333333333333 +lon_0=-66.43333333333334 +x_0=200000 +y_0=200000 +ellps=GRS80 +towgs84=0,0,0,0,0,0,0 +units=m +no_defs","scale":0.00874219742321,"jsonres":15.5,"jsonmarginX":-999,"jsonmarginY":9851.0,"xoffset":347104.165372,"yoffset":264091.887268}},
"features":[{"type":"Feature","id":"VI.3617","properties":{"hc-group":"admin1","hc-middle-x":0.68,"hc-middle-y":0.65,"hc-key":"vi-3617","hc-a2":"ST","labelrank":"20","hasc":"VI.ST","alt-name":null,"woe-id":"24549909","subregion":null,"fips":"010","postal-code":null,"name":"Saint Thomas","country":"United States Virgin Islands","type-en":null,"region":null,"longitude":"-64.9263","woe-name":"Saint Thomas Island","latitude":"18.3543","woe-label":"Saint Thomas Island, VI, US Virgin Islands","type":null},"geometry":{"type":"MultiPolygon","coordinates":[[[[438,8573],[378,8546],[337,8552],[284,8469],[187,8344],[158,8385],[161,8445],[193,8534],[298,8658],[349,8697],[419,8644],[438,8573]]],[[[616,9459],[1149,9158],[1674,8865],[1890,8527],[1728,8500],[1600,8541],[1439,8480],[1337,8326],[882,8492],[718,8593],[588,8847],[529,8710],[391,8803],[83,8740],[-140,8781],[-313,8967],[-766,8827],[-999,9046],[-577,9273],[-216,9369],[309,9354],[525,9203],[653,9246],[419,9424],[307,9550],[616,9459]]],[[[972,9602],[918,9546],[846,9641],[809,9752],[752,9818],[861,9851],[966,9776],[972,9602]]]]}},{"type":"Feature","id":"VI.6398","properties":{"hc-group":"admin1","hc-middle-x":0.54,"hc-middle-y":0.38,"hc-key":"vi-6398","hc-a2":"SJ","labelrank":"20","hasc":"VI.SJ","alt-name":null,"woe-id":"24549908","subregion":null,"fips":"020","postal-code":null,"name":"Saint John","country":"United States Virgin Islands","type-en":null,"region":null,"longitude":"-64.7461","woe-name":"Saint John Island","latitude":"18.3422","woe-label":"Saint John Island, VI, US Virgin Islands","type":null},"geometry":{"type":"Polygon","coordinates":[[[4400,8991],[4461,8839],[4265,8803],[3879,8927],[3777,8884],[3932,8681],[3841,8332],[3377,8574],[2660,8500],[2444,8693],[2655,9018],[2894,9122],[3150,9201],[3089,9311],[3216,9380],[3696,9257],[3928,9217],[4142,9125],[4400,8991]]]}},{"type":"Feature","id":"VI.6399","properties":{"hc-group":"admin1","hc-middle-x":0.31,"hc-middle-y":0.49,"hc-key":"vi-6399","hc-a2":"SC","labelrank":"20","hasc":"VI.SC","alt-name":null,"woe-id":"24549907","subregion":null,"fips":"030","postal-code":null,"name":"Saint Croix","country":"United States Virgin Islands","type-en":null,"region":null,"longitude":"-64.77979999999999","woe-name":"Saint Croix Island","latitude":"17.735","woe-label":"Saint Croix Island, VI, US Virgin Islands","type":null},"geometry":{"type":"Polygon","coordinates":[[[3533,259],[3837,156],[3991,77],[4125,-43],[4451,232],[4966,349],[5530,324],[5996,181],[5998,78],[5627,35],[5319,-69],[4717,-353],[4406,-453],[1450,-902],[1181,-999],[1284,-741],[1300,-523],[1279,89],[1322,279],[1438,399],[1982,239],[2286,381],[2600,585],[2942,664],[2978,625],[3533,259]]]}}]}