{"title":"Wallis and Futuna","version":"1.1.2","type":"FeatureCollection","copyright":"Copyright (c) 2015 Highsoft AS, Based on data from Natural Earth","copyrightShort":"Natural Earth","copyrightUrl":"http://www.naturalearthdata.com","crs":{"type":"name","properties":{"name":"urn:ogc:def:crs:EPSG:32701"}},"hc-transform":{"default":{"xpan":465,"ypan":30,"crs":"+proj=utm +zone=1 +south +datum=WGS84 +units=m +no_defs","scale":0.0223891496476,"jsonres":15.5,"jsonmarginX":-999,"jsonmarginY":9851.0,"xoffset":586699.677791,"yoffset":8539606.64293},"wf-all-hoorn":{"xpan":10,"ypan":130,"hitZone":{"type":"Polygon","coordinates":[[[5641,9999],[5641,-999],[-999,-999],[-999,9999],[5641,9999]]]},"crs":"+proj=utm +zone=1 +south +datum=WGS84 +units=m +no_defs","scale":0.0168153718837,"jsonres":15.5,"jsonmarginX":-999,"jsonmarginY":9851.0,"xoffset":372081.60378,"yoffset":8426227.92315}},
"features":[{"type":"Feature","id":"FR.6510","properties":{"hc-group":"admin1","hc-middle-x":0.56,"hc-middle-y":0.44,"hc-key":"fr-6510","hc-a2":"`U","labelrank":"20","hasc":"WF.UV","alt-name":"Wallis","woe-id":"24549911","subregion":null,"fips":null,"postal-code":null,"name":"`Uvea","country":"Wallis and Futuna","type-en":null,"region":null,"longitude":"-176.169","woe-name":"Hahake","latitude":"-13.2768","woe-label":null,"type":null},"geometry":{"type":"Polygon","coordinates":[[[8171,4056],[7707,3961],[7193,4110],[6833,4386],[6793,4979],[6387,5636],[6208,6255],[6840,6741],[6566,7544],[6799,8278],[7314,8907],[7877,9386],[8343,8547],[8808,7896],[8993,7264],[8614,6472],[8743,6328],[8803,6225],[8892,5953],[8278,5855],[8158,5487],[8373,4512],[8171,4056]]]}},{"type":"Feature","id":"FR.6512","properties":{"hc-group":"admin1","hc-middle-x":0.69,"hc-middle-y":0.80,"hc-key":"fr-6512","hc-a2":"AL","labelrank":"20","hasc":"WF.AL","alt-name":null,"woe-id":"24549913","subregion":null,"fips":null,"postal-code":null,"name":"Alo","country":"Wallis and Futuna","type-en":null,"region":null,"longitude":"-178.094","woe-name":"Alo","latitude":"-14.3029","woe-label":null,"type":null},"geometry":{"type":"MultiPolygon","coordinates":[[[[4292,4797],[4556,4754],[4669,4766],[4908,4652],[5046,4535],[4836,4368],[4295,4126],[3898,3845],[3715,3647],[3471,3637],[2736,3957],[2490,4160],[2537,4395],[2729,4584],[3671,5029],[3966,4960],[4292,4797]]],[[[703,7181],[1342,6508],[1429,6328],[1784,6222],[3073,5547],[3074,5350],[1575,5442],[1328,5342],[973,5500],[830,5521],[733,5845],[530,6215],[588,6648],[703,7181]]]]}},{"type":"Feature","id":"FR.3648","properties":{"hc-group":"admin1","hc-middle-x":0.51,"hc-middle-y":0.50,"hc-key":"fr-3648","hc-a2":"SI","labelrank":"20","hasc":"WF.SI","alt-name":"Singave","woe-id":"24549914","subregion":null,"fips":null,"postal-code":null,"name":"Sigave","country":"Wallis and Futuna","type-en":null,"region":null,"longitude":"-178.161","woe-name":"Singave","latitude":"-14.2659","woe-label":null,"type":null},"geometry":{"type":"Polygon","coordinates":[[[830,5521],[256,5604],[-17,5748],[-545,6555],[-844,7384],[-630,7836],[376,7524],[703,7181],[588,6648],[530,6215],[733,5845],[830,5521]]]}},{"type":"Feature","properties":{"hc-group":"__separator_lines__"},"geometry":{"type":"LineString","coordinates":[[5641,3434],[5641,9224]]}}]}