{"title":"Samoa","version":"1.1.2","type":"FeatureCollection","copyright":"Copyright (c) 2015 Highsoft AS, Based on data from Natural Earth","copyrightShort":"Natural Earth","copyrightUrl":"http://www.naturalearthdata.com","crs":{"type":"name","properties":{"name":"urn:ogc:def:crs:EPSG:32702"}},"hc-transform":{"default":{"crs":"+proj=utm +zone=2 +south +datum=WGS84 +units=m +no_defs","scale":0.0048058107255,"jsonres":15.5,"jsonmarginX":-999,"jsonmarginY":9851.0,"xoffset":307077.046107,"yoffset":8511270.96713}},
"features":[{"type":"Feature","id":"WS.3586","properties":{"hc-group":"admin1","hc-middle-x":0.49,"hc-middle-y":0.51,"hc-key":"ws-3586","hc-a2":"TU","labelrank":"20","hasc":"WS.TU","alt-name":null,"woe-id":"20070339","subregion":null,"fips":"WS10","postal-code":null,"name":"Tuamasaga","country":"Samoa","type-en":null,"region":null,"longitude":"-171.752","woe-name":"Tuamasaga","latitude":"-13.9415","woe-label":null,"type":null},"geometry":{"type":"Polygon","coordinates":[[[6993,6957],[8138,6510],[8016,6024],[8125,5077],[7870,5139],[7741,5127],[7396,5020],[7313,5022],[7243,5045],[7194,5090],[7176,5159],[7142,5229],[7063,5263],[6901,5299],[6758,5375],[6631,5418],[6501,5428],[6549,5908],[6579,6208],[6504,6491],[6465,7039],[6653,7031],[6811,6997],[6836,6548],[7002,6511],[6993,6957]]]}},{"type":"Feature","id":"WS.6500","properties":{"hc-group":"admin1","hc-middle-x":0.60,"hc-middle-y":0.45,"hc-key":"ws-6500","hc-a2":"A'","labelrank":"20","hasc":"WS.AA","alt-name":null,"woe-id":"20070340","subregion":null,"fips":"WS01","postal-code":null,"name":"A'ana","country":"Samoa","type-en":null,"region":null,"longitude":"-171.919","woe-name":"A`ana","latitude":"-13.9005","woe-label":null,"type":null},"geometry":{"type":"MultiPolygon","coordinates":[[[[4875,6575],[4967,6704],[5096,6751],[5178,6561],[5067,6504],[4875,6575]]],[[[6328,5405],[6184,5385],[6042,5389],[5918,5432],[5802,5520],[5632,5786],[5547,5883],[5470,5857],[5415,5857],[5274,6057],[5179,6115],[4997,6136],[5546,6487],[5381,6855],[5601,6936],[6285,7047],[6465,7039],[6504,6491],[6579,6208],[6549,5908],[6359,5924],[6328,5405]]]]}},{"type":"Feature","id":"WS.6501","properties":{"hc-group":"admin1","hc-middle-x":0.50,"hc-middle-y":0.56,"hc-key":"ws-6501","hc-a2":"AI","labelrank":"20","hasc":"WS.AL","alt-name":null,"woe-id":"20070341","subregion":null,"fips":"WS02","postal-code":null,"name":"Aiga-i-le-Tai","country":"Samoa","type-en":null,"region":null,"longitude":"-172.039","woe-name":"Aiga-i-le-Tai","latitude":"-13.8904","woe-label":null,"type":null},"geometry":{"type":"Polygon","coordinates":[[[4997,6136],[4833,6210],[4811,6384],[4875,6575],[5067,6504],[5178,6561],[5096,6751],[5381,6855],[5546,6487],[4997,6136]]]}},{"type":"Feature","id":"WS.6502","properties":{"hc-group":"admin1","hc-middle-x":0.51,"hc-middle-y":0.77,"hc-key":"ws-6502","hc-a2":"AT","labelrank":"20","hasc":"WS.AT","alt-name":null,"woe-id":"20070345","subregion":null,"fips":"WS03","postal-code":null,"name":"Atua","country":"Samoa","type-en":null,"region":null,"longitude":"-171.592","woe-name":"Atua","latitude":"-14.0212","woe-label":null,"type":null},"geometry":{"type":"Polygon","coordinates":[[[8804,6302],[8886,6150],[8873,6066],[8661,6045],[8606,5705],[8883,5593],[9196,5650],[9472,5518],[9596,5705],[9851,5403],[9767,5144],[9790,5112],[9827,5026],[9623,5017],[9053,5075],[8713,5043],[8556,5057],[8389,5141],[8258,5069],[8125,5077],[8016,6024],[8138,6510],[8487,6470],[8662,6407],[8550,6214],[8642,6195],[8804,6302]]]}},{"type":"Feature","id":"WS.6503","properties":{"hc-group":"admin1","hc-middle-x":0.47,"hc-middle-y":0.74,"hc-key":"ws-6503","hc-a2":"VO","labelrank":"20","hasc":"WS.VF","alt-name":null,"woe-id":"20070346","subregion":null,"fips":"WS06","postal-code":null,"name":"Va'a-o-Fonoti","country":"Samoa","type-en":null,"region":null,"longitude":"-171.549","woe-name":"Va`a-o-Fonoti","latitude":"-13.9633","woe-label":null,"type":null},"geometry":{"type":"MultiPolygon","coordinates":[[[[8873,6066],[8819,6016],[8785,5960],[8832,5868],[9192,5907],[9596,5705],[9472,5518],[9196,5650],[8883,5593],[8606,5705],[8661,6045],[8873,6066]]],[[[8804,6302],[8642,6195],[8550,6214],[8662,6407],[8804,6302]]]]}},{"type":"Feature","id":"WS.6504","properties":{"hc-group":"admin1","hc-middle-x":0.52,"hc-middle-y":0.43,"hc-key":"ws-6504","hc-a2":"FA","labelrank":"20","hasc":"WS.FA","alt-name":null,"woe-id":"20070338","subregion":null,"fips":"WS04","postal-code":null,"name":"Fa'asaleleaga","country":"Samoa","type-en":null,"region":null,"longitude":"-172.243","woe-name":"Fa`asaleleaga","latitude":"-13.6516","woe-label":null,"type":null},"geometry":{"type":"Polygon","coordinates":[[[3516,9070],[3524,9035],[3511,8942],[3517,8906],[3560,8869],[3658,8829],[3693,8789],[3721,8702],[3737,8614],[3744,8424],[3782,8267],[3854,8171],[3901,8067],[3862,7885],[3782,7756],[3690,7655],[3615,7536],[3585,7346],[3610,7157],[3606,7071],[3423,7307],[3275,7438],[2809,8398],[2916,9039],[3516,9070]]]}},{"type":"Feature","id":"WS.6505","properties":{"hc-group":"admin1","hc-middle-x":0.12,"hc-middle-y":0.16,"hc-key":"ws-6505","hc-a2":"GA","labelrank":"20","hasc":"WS.GE","alt-name":null,"woe-id":"20070344","subregion":null,"fips":"WS05","postal-code":null,"name":"Gaga'emauga","country":"Samoa","type-en":null,"region":null,"longitude":"-171.861","woe-name":"Gaga`emauga","latitude":"-13.9658","woe-label":null,"type":null},"geometry":{"type":"MultiPolygon","coordinates":[[[[6501,5428],[6328,5405],[6359,5924],[6549,5908],[6501,5428]]],[[[6993,6957],[7002,6511],[6836,6548],[6811,6997],[6993,6957]]],[[[2356,9851],[2531,9851],[2709,9819],[2884,9741],[3048,9601],[3516,9070],[2916,9039],[2809,8398],[2515,8404],[2164,8411],[1977,8415],[2356,9851]]]]}},{"type":"Feature","id":"WS.6506","properties":{"hc-group":"admin1","hc-middle-x":0.50,"hc-middle-y":0.55,"hc-key":"ws-6506","hc-a2":"GA","labelrank":"20","hasc":"WS.GI","alt-name":null,"woe-id":"20070337","subregion":null,"fips":"WS07","postal-code":null,"name":"Gaga'ifomauga","country":"Samoa","type-en":null,"region":null,"longitude":"-172.467","woe-name":"Gagaifomauga","latitude":"-13.5461","woe-label":null,"type":null},"geometry":{"type":"Polygon","coordinates":[[[159,9349],[349,9455],[440,9480],[619,9497],[721,9523],[937,9636],[1031,9669],[1666,9673],[1830,9699],[2170,9816],[2356,9851],[1977,8415],[651,8441],[221,8709],[159,9349]]]}},{"type":"Feature","id":"WS.6507","properties":{"hc-group":"admin1","hc-middle-x":0.44,"hc-middle-y":0.40,"hc-key":"ws-6507","hc-a2":"VA","labelrank":"20","hasc":"WS.VS","alt-name":null,"woe-id":"20070336","subregion":null,"fips":"WS11","postal-code":null,"name":"Vaisigano","country":"Samoa","type-en":null,"region":null,"longitude":"-172.701","woe-name":"Vaisigano","latitude":"-13.5561","woe-label":null,"type":null},"geometry":{"type":"Polygon","coordinates":[[[-356,8566],[-479,8680],[-505,8720],[-515,8807],[-536,8851],[-582,8876],[-688,8866],[-731,8880],[-824,8988],[-948,9177],[-999,9356],[-870,9437],[-595,9439],[-294,9329],[-20,9323],[159,9349],[221,8709],[21,8833],[-356,8566]]]}},{"type":"Feature","id":"WS.6508","properties":{"hc-group":"admin1","hc-middle-x":0.20,"hc-middle-y":0.27,"hc-key":"ws-6508","hc-a2":"SA","labelrank":"20","hasc":"WS.SA","alt-name":null,"woe-id":"20070342","subregion":null,"fips":"WS09","postal-code":null,"name":"Satupa'itea","country":"Samoa","type-en":null,"region":null,"longitude":"-172.635","woe-name":"Satupa`itea","latitude":"-13.6365","woe-label":null,"type":null},"geometry":{"type":"MultiPolygon","coordinates":[[[[2755,7312],[2465,7205],[2164,8411],[2515,8404],[2755,7312]]],[[[410,7942],[301,7985],[216,8032],[41,8301],[-64,8426],[-273,8505],[-356,8566],[21,8833],[221,8709],[651,8441],[410,7942]]]]}},{"type":"Feature","id":"WS.6509","properties":{"hc-group":"admin1","hc-middle-x":0.33,"hc-middle-y":0.46,"hc-key":"ws-6509","hc-a2":"PA","labelrank":"20","hasc":"WS.PA","alt-name":null,"woe-id":"20070343","subregion":null,"fips":"WS08","postal-code":null,"name":"Palauli","country":"Samoa","type-en":null,"region":null,"longitude":"-172.454","woe-name":"Palauli","latitude":"-13.7195","woe-label":null,"type":null},"geometry":{"type":"MultiPolygon","coordinates":[[[[3606,7071],[3557,7035],[3365,7036],[3281,7054],[3196,7093],[3069,7201],[3002,7282],[2923,7325],[2755,7312],[2515,8404],[2809,8398],[3275,7438],[3423,7307],[3606,7071]]],[[[651,8441],[1977,8415],[2164,8411],[2465,7205],[2351,7163],[1107,7021],[1029,7076],[945,7186],[881,7249],[750,7320],[687,7369],[659,7441],[642,7517],[565,7681],[547,7781],[506,7880],[410,7942],[651,8441]]]]}}]}