Haplotype	Pattern	Class	HeiLongJiang	LiaoNing	NeiMengGu	BeiJing	HeBei	ShanXi	NingXia	XinJiang	ShaanXi	GanSu	ShanDong	HeNan	JiangSu	AnHui	HuBei	ZheJiang	JiangXi	SiChuan	FuJian	GuiZhou	GuangXi	GuangDong	HaiNan	TaiWan	HuNan	ShangHai	JiLin	YunNan	Tibet
Hap1	CTC	specific	49	13	0	5	14	14	0	1	11	5	18	21	19	11	17	20	10	38	8	18	10	6	1	1	8	1	26	2	1
Hap2	TGC	reference	31	24	5	18	24	38	2	1	2	2	14	3	6	4	4	4	0	4	1	2	0	1	0	0	1	0	18	1	0
Hap3	TTC	specific	14	4	0	1	2	3	0	0	0	0	1	2	8	2	5	4	4	5	1	1	0	1	0	0	0	0	5	0	0
Hap4	CGC	specific	12	3	0	2	1	3	0	0	2	2	0	4	1	3	0	1	2	2	0	2	0	0	0	0	1	0	5	0	0
Hap5	CTT	specific	0	1	0	0	0	0	0	0	0	0	0	0	0	0	0	0	0	0	0	0	0	0	0	0	0	0	0	0	0
